,City_From,City_To,Price,Date_To,Date_Back,Night,Link
0,Budapest,Paris,EUR: 57,2024-01-23T06:15:00,2024-01-25T08:45:00,2,https://www.kiwi.com/deep?affilid=istvanpisti&currency=EUR&flightsId=0b771cb24d2100004965382c_0%7C1cb20b774d230000b793a0ad_0&from=BUD&lang=en&passengers=1&to=BVA&booking_token=GTTne_UWA_X2K4YHBcC3uypckHaQ_tL1_WPv7GQbeF8KsvpM979zlS-F6d_sRXI7LHlOgPFiMIkiOfzMzUCtxec5zGNGGsO0OkYvOVQNV8JhROeTCK4Rh714KTMmfh5Z4-6nuaJms8Scbd8fumzu3LgV2_O4Sv1belSPlbjyAkVo64QV-3vjCpr0dwO-Jnz4b2ghZeM2PjXtmzzQSAFsz847fyUPx6NshrhJOyXbfIdoKJOaa74dUfddVTomP1WwS5qCANVZTPs_5ubtOnIxcERmUZVBGqqdPRpksfqUCSZ5yApU_BbexmjAPDpq-3ELVdtVMGQ3og_NFzxFGXclrj-hUSukTl05WZKAdWY2ENHQkjJGK_x0YFmC3jxX8b00cicI9N48hqIpDyO_mREo2kjLO2JZb6pVoPAVyNeD0VER1d4YqtmAdUou9bcbcm5PmIIpjBD3idzd69N-mv5ibEgVyjbRdB-8zm7cjOl9MszwmjLoUGrVSv4W7wS_wnM9xg8NYmxrTKxYCRCE3ytJtkVYejkI-G8K-A5iFK1GJiWcvXnIRm3Aqv9Jwx8ub2d_k
1,Budapest,Paris,EUR: 59,2024-01-30T06:15:00,2024-02-01T08:45:00,2,https://www.kiwi.com/deep?affilid=istvanpisti&currency=EUR&flightsId=0b771cb24d2800009de8820e_0%7C1cb20b774d2a0000003b3d93_0&from=BUD&lang=en&passengers=1&to=BVA&booking_token=GPrRmPJ2MJZXpeaRix6PPn5QKE4xtFjumTswlFSdFRoa9oZCdVhIxPvNZ_q6Z5fY8oX26E7u0NLaLgzRk2e8WDwDc5m47eWx6DQW_n6mNIEakl_pIRNGm71noY5Vj44fmJGFsJmwuigYECSpHuU24pmDNKQP4O3FopBi06Wm4p1UnDPIfS446ZQ-h4-dtgeBSL2-qNbXnn4n0N06Gr89KTL5as-rP1NASDD7Tdl6cKLGsf3L3msoLoCF943sBLLviDxR69ZWx-vhIHux2phNNCh3uvI2HFBCLwXWyIGibXkYSxa-nyw8huZSoe0jnhFvsjUiDjn6KEM6KFGNSu_3N1krRhcHdeCfJ4adX4NZYtPGTWhLZoQOZY9IhLgc8kXJcsrxVzdfDqXiNehrsesVqXRDizroLAuOJ4RkA12RxE56kRQuyJxxLw2PoNp9ksWfuTw_-5fIFmpWRXQ9wC76uS0SCNIz8fszu1j9L36KC2pFeLUYeDsddMzD6YZOnH1infMaxqzRVVhOq4whAzdOOf-UU1l7tOxlwnhZ9iuedpDd9k8jHjHz6fDK3nMm4P8-I
2,Budapest,Paris,EUR: 59,2024-02-18T05:00:00,2024-02-18T17:00:00,4,https://www.kiwi.com/deep?affilid=istvanpisti&currency=EUR&flightsId=0b7723334d3b0000431a39bc_0%7C23331cb24d3b000090a359ee_0%7C0a7c0b774d3f0000da803df3_0&from=BUD&lang=en&passengers=1&to=BVA&booking_token=G009H9CKivnNNNAQv2O-IJA0scDPmVHom_nRhpiIgX5FmVRFMfaP0dDUMKri_EohPCDLtN_7RLJWTWVmus2SniVLr7ztgWYOjYfCgr2UNqPv5QE0WRsZQ4o1FhM5hkZMtidBar6uEH7zRBjixVFww3nYpoe_XSqu1r6nMMLH8G75kaUEURCChAIwNnhknv7EglOLT0LaVt7zRRRoeL8O01oOBnCYUirmBRtnyk6ifeGsm7WoPKsoFxlDFADVQJ3UC98WAQfg7hobnxMFZkyfCiia_ZVl5LURLwdz1NPKdwyHxrc0zOr481-CRVn57p5OHdVoaWXYsyubv75iYxD1aTwKzQVcnZRx6QA602LWFyhUIy-oupvqur0QyGM787PQXUCN61ygcBfUhGst9pfXtK1UwqDei-D-0jUj-O7_5LAi1b4x4siAQFtkA1MQ6FBPdYDJcs9YqK9QRadimikRPU8cVrovJmSZsOgXeh1SOqzOrirmMYpEV9RmdjDSOTCb_--brRjqSsjO6eHELFjZwu2boZaSN2rhQR9EilNWDeEhTRxUFCMTD_R3Osei7OsJRclYmhED8Z0kJ0K1IHrnf7uqbVmorlmggiLBYkdVJPUgw2CKR_1fHeBJ16KkCfuUSb3zzaBijRn5L9Sx0JdKxnWuNPZ2XP4z3HC9zPD7rCRY=
3,Budapest,Paris,EUR: 59,2024-01-28T05:00:00,2024-01-28T17:00:00,3,https://www.kiwi.com/deep?affilid=istvanpisti&currency=EUR&flightsId=0b7723334d26000074fa1429_0%7C23331cb24d260000a743747b_0%7C0a7c0b774d290000afe282c9_0&from=BUD&lang=en&passengers=1&to=BVA&booking_token=Gj54Eh7Gq7vinjddm1N2ay0RJiiqYvN8Du_6ygt-0Y39e1F-i8YUzB1K3906P9EgEAU93UwSmLJH0Z-yC0tjBTlhn5zJVch_unSvs3hU0bytNlm34jM6petIeExNOsmoBA4Xft-hMpus4jQmXXKXrDOKAPtwyfoVJ8f6_jBwwbdpJrEKubJ62IjFk07PJqsN2ev0aNN_Q-S92kUVsuuCysKGuhpBE9oP3sycAWXAkvlF5fwAqKudiA62DVsExmnohHiD3Fz4lMrffmwat2570pSDCUZhnk3QNH6CNCtVabAU01oCak7Tp1hfJkjD62APni5U4Bc-rFd1Lp0jCIq5Wu5HM3Y8m1sLDJnUipYZdY2vQ3KFgEGAQxjUAJRqyQQQs-j79Mx-SWwzT8eZN37EAFsIrNBgrlRYLgTH_JSLT4Mz4UXsTfZ0lv1WW0EMMmYMADneP3F-Tp7RYez7zfcioILp4sXE2CA4BY3R25pLEZ6dZt6e2l0ErMlJ-t0htdFJT_3_7C2_ddTVo5ZWcTw1PlMOTAkdToRy781A5tT4iBcuwacUXrotk0pLazG_Vz6aL5W_dTVxUAYNp8IZDmENnAlNsCpF49GZFXqxNJ36zslKOoNAHZKtwcO7ugPz0J2r69K6wGtM-u09aHlHPljMdECdIdIaSzt1SordTjk3iRkzbsoPhmjXONsWJDJgNzHyX
4,Budapest,Paris,EUR: 61,2024-01-27T07:15:00,2024-02-01T08:45:00,5,https://www.kiwi.com/deep?affilid=istvanpisti&currency=EUR&flightsId=0b771cb24d2500007ab23e7b_0%7C1cb20b774d2a0000003b3d93_0&from=BUD&lang=en&passengers=1&to=BVA&booking_token=GEGbT7OPz_ECjDVwrKv8aLlVvDNdKf_NsLQ7CJAsRERl_DBzJYFe77pDKgDcUt8Cd_KSWWPHU5436xXEuo8-fFZSxiBwop_DD_yK3__QEBv6zY5aqUCZFJ0EHhD8RxzWI-VHzi_KJdIa6gZUpWA1EgRTsINrEMeoXl2a3NT3u7NL2I101hvI5DrnE1k4Ux-V0KXxDu0nHl92h9A7ZCcmjmArcgWfhT4PKTQJArYU8CCjXbBaZSNKbQbt0OH3Iy_F_HFpmCzgL2UXKLV-tdDyyz2Im2xsjSVqvQ8frhyCQBroDMBm7lB1uQZ5qY2Sq2c_y9NWlCVX5dMGnNY3BspBK-Rk5xf-FO9IfmrBwvUNGh9p9REaZBXoi0w4tyYWsd2NSW9PUDOtvUGsmOPwlzn2K2-p2WN1-1-xaajzgsP7YoQwoByFevfHGj-IUbEUF5iXnIH56mbLKv7R2BsYL3FPzSUOirulk8DSebCh8ORT5GRAOh3Y82n4JLdSwso1oApWmK0XJ1ixlI-ADfrxeWhw5NFl4nf0yJdN-BrO-yROZAcayFK3sN68mPrhpw5VvadcNfHoO9jwImu3HM_jPObW9Uw==
5,Budapest,Paris,EUR: 62,2024-01-27T07:15:00,2024-01-31T17:35:00,4,https://www.kiwi.com/deep?affilid=istvanpisti&currency=EUR&flightsId=0b771cb24d2500007ab23e7b_0%7C1cb20b774d2900004c097483_0&from=BUD&lang=en&passengers=1&to=BVA&booking_token=GWYIXZMi-29K9LU8SZSfPVGS6qFgbrYHxW9Q_DU_l8k8HMuF9b-m6eZZfk9v0IFS40-Ie6Diw_hslj670NVZMmuTUPct336_Rw2250aeE_SOoAlcDpiDvuftoZm2VDLauOEtFravDqbQWXiQ619NZMqvG21_59wRnodV5UNzsrnX57dIfZBuk18talkyYo2Wp95-wKsMjkWj8NJU37LJiEA4Onw60_Oet7hx-b1OmCHc0YmDf3LgKBHVz95vKpFfXAZZh894rHxZ2NSrH2rlBoLb8HH658USyCXhrbJNI5Khazpu8ArnvHyW-SsT2XdSEwPOMTyxm9TJuQ13yIrFlNCTh1Axkfu0yWbk5etyGHsltnLNUDH65ypTbMdtOiZaw83ZVV3DYMPtb_F1eje2t10ImUtb0jEoco9sfknPOIS9P__F9KOE_Mk8ITAU1hlbMlm-q3cn-QR3uEZ8fSRLJDG64taEeeWeJL6dsmLq6aYu28wKVhKmnuCfwNx7FNl5inTuef75GccaODTP4skscQAGnx13wjuALobLyKi0xepFhAXeEBEJUYkzupZfCsBGNKrvpbUUj41E_FRescNbAQQr8ChXoBXPRn3HSf6d9gVg=
6,Budapest,Paris,EUR: 62,2024-01-28T05:00:00,2024-01-28T17:00:00,4,https://www.kiwi.com/deep?affilid=istvanpisti&currency=EUR&flightsId=0b7723334d26000074fa1429_0%7C23331cb24d260000a743747b_0%7C1cb20b774d2a0000003b3d93_0&from=BUD&lang=en&passengers=1&to=BVA&booking_token=Go2Qs5ZV-pYSkeFFcWzoDeXucdUMeKk_74gHEBmlgYba1OHzfj_EZJ64y_cae7eEh1YMv79-RvvLqoG4tUM3Qd4xuKs3wBnqmyOtAr_wwnoEpeBAjoUO-w1jLGGcyqHFjpGx_Mwz0_4MwKumeowbtR-ULfFKgjJTxWAe2Xy_QTyuekrWadVKyhdAMehbmSYnm5zZ6mpxpp7U7IRJuk41SZ3ATBmBj_2MVawy6jjdB0ON_ONb5hXbihKrW8gRK8xSoPVIeR0Wp0xDzQgAfxqP-pijkPu1jv1OYUItb5on0irPap7peDtM3VVbGO92zXJ-QNQsuAb8o8KMiRqK3SRZaMEeiEXM5P4z9ndZtthWyhYN7soNSing_3msD4IL8rd15w10GqZeoFQTOvz24w3F2GcCUi4ZTitwCM70QWzWYWELF6EVXgZbgESkEN3oxcnQDWUNezIkHZb4XZh1YCxkoyWCPw1HQmF6aYyViKfososuEKJuKpIziesuRTlOkTuPBPKu72-LAu7u7EjTWWv_5lne2NklGqPM9hiIrWgi70sJG4yXVslHYzvnibrscNTe-Iii787caxT3PA_9Z3gKmo2ANYcm4kdKVCZtTwpFRcD-0ObH1aXhmv-448tFoD5rPx1KmZh-C2N0bktGDLgkqqA==
7,Budapest,Paris,EUR: 63,2024-01-27T07:15:00,2024-01-31T13:05:00,4,https://www.kiwi.com/deep?affilid=istvanpisti&currency=EUR&flightsId=0b771cb24d2500007ab23e7b_0%7C0a7c0b774d290000afe282c9_0&from=BUD&lang=en&passengers=1&to=BVA&booking_token=G-jcaNSS6jxx815E-FVRx2NgD9z1jh5qDrYfpqglTd2-fYc8roohSRAV15lDY_iCen9Ig7hoEh83lfFSVTkKzC6gMwoIhCZYoisFpprt4PHzNxGR2goZZbgIydWXAok4pr1aUJLXE6wbQtcGvUV5NDENPIvfepL0gMWScrRXtHrgc7KQLPAHcvQ2fQ_4jpxaYGIc8t31phR6zPUJuOi-dgn5XIzbssxIAeFPEtTejHExdE5Sk6cld_JIc_v7KDcZ6HV6URrfK5wyUKShSWAzYL9NPXyr4_xhq9522_QZKcEHa0xRXkUF42Ke3Kh3jSb_FoPOoQ0UzTcwIMdCxG5r7zxGx7MXySxBfPSfkRb-QZL5oj0jmZcWzPJC4GSlOVw1B0HRC6VUQRtyWfdNztAM685tb53K9kbh0T06MoX1S8BcBIpapZla16qX9b613SOnKwpsD6dFbyyuxtMjYrnVFUTbwT-irRKP2gN98tmeWpVcKUfS7AQDjkWMdW6y2JaGHE62oWC04-86w0sug8UL9RhWl5drf6b4ITbUQP7vDdYUxD2l82h_EGL3fVvDYi_I1rsSo_iwKD0vPfrWL9EYTfNP-ZVT1uO0_Ue2Ezl_BvE0=
8,Budapest,Paris,EUR: 63,2024-02-01T05:55:00,2024-02-06T09:00:00,5,https://www.kiwi.com/deep?affilid=istvanpisti&currency=EUR&flightsId=0b771cb24d2a00005f58ff37_0%7C1cb20b774d2f0000b6ea283a_0&from=BUD&lang=en&passengers=1&to=BVA&booking_token=GPTMcKLYU7ISZfCz7yDmrGOun--ZVFccL_s_vFob-c1cgUb9T_OvnKNb2NtUE3p8b0zcXCBQb1k35s4JSVYcN7YQCh37GgZOsFl6TTw9rGNhYCbJJvp7qKOmGJz_LViAOXpsZPMdy-3XX4POQB8C2LMkxAH72uv1m6-up57fm4JhGJjxqLM9pRkMK3jOZiTNEf9Rp8iNHG60Z70-ZqVMwb7DHY0V_yi50gUoSOgWplfyLKlYt9N4uPidFrtrSwX9AWOx8UezAYjH_2go5dYXpWfGjC1-QOD1VtzHJTX5MCS-xL-QZD_PvtmfAjJmcq0Ef54Kp56ZPgPEOBExMzdEFkJcZQTIT5x5hgUKZibeDt0-WkNL_L-dLK9pat_urjk6x5Bvf7IpVirmpgYTtZMLnUIsU3LIbLtx7TKUjIQ4tAe9TNcJ0ZklQKu95holnLlotPG3RCl5kZeX9E1vEv0I9zPvGUY1XI5QT0bGJmqGWsvVzXwPnGRAaASvH-7f_kpOHi0pPJj7croeJ_Mcw5w2WNoGpFyFjNFmOOBS9GL8nj8wDHMyonmH1eKUPl5K66X-UG3rhixYGLKDi9YLL7qTUTA==
9,Budapest,Paris,EUR: 63,2024-02-28T13:20:00,2024-02-29T12:30:00,5,https://www.kiwi.com/deep?affilid=istvanpisti&currency=EUR&flightsId=0b7723334d4500006bf94f41_0%7C23331cb24d46000027977db6_0%7C1cb20b774d4b0000f33abe64_0&from=BUD&lang=en&passengers=1&to=BVA&booking_token=GRZeqi5iX96iOpPxI3_yTD2W0C3tRe-nVkORc-3X956BQVrA3DSItu_12Czzd03AbfLwDQ0Ej17R-EMgn3Y6-63hk3b45U4NYNu6VT_t2Lo6i2LByycLE6Xid3lEY-Bp6AVzigmTf2Q_PFuCr0gfnVqaAoFWrF2Gka_x5wM2YY-PM1nVpMGCYFFkF1KxL0FSLLJPHUDuSGrzJevifbltpocnNo_kKKtKooATBhF_eU_ixq-Xe8cBq24V_S1PkNUZzDKYMwutXjKB3hZDE2Q-Bc-rkUYvX-jWzyRyS8zsBC7-ZQeHMuyx05izqCawpKeQEVH620jPdm0juVk4xjofuX_6ra8HWD8bU5wVsaBOsVq3hrrxyHwL8R98iqV5cadjaU-T56_LerVzS3dX1wb4AOGOOSBpFHDZUMprhxDCWsDwMn-V_mUI0m0GmDBPTzUQGrHEzKzHZ-YHyl1bRxEaxIIU5u8qJjjR6b9iXCZjW11NqkQuBS5kySSQ6U_n6thWgIk4qMbrBFx5iDb1BMF6NoYKBZnosikWEhESqWArvraKeHn6894Hs6giiRKdJrdng3wokoreMoNvyJqIAltHa8ytgzAODu_IuyeEHy2qibokgWPW8pi5W6snjsImtpsCeHTkbptpc6nLUmShgaPF9ZUrmQGCHMwQXere4g9WvMvc=
10,Budapest,Paris,EUR: 64,2024-02-02T10:05:00,2024-02-07T13:05:00,5,https://www.kiwi.com/deep?affilid=istvanpisti&currency=EUR&flightsId=0b770a7c4d2b000055f6356c_0%7C0a7c0b774d300000dcc3e60d_0&from=BUD&lang=en&passengers=1&to=ORY&booking_token=Gc0FnFAa2qXczzeEerBcNlXmEP7m-oH0QuM5U2dAN9GXjXpNAMcliZl0BAhSHudRRnt0wln_ZJmi1wZfgr5XWRcy_6owP_TB_mYiDJGhxWZAtK0XFbYyRVL85fmrXCwS46th6qcLNnUtiXKNYUwJ017gw_9koYUHdph2leyUJCuyb4APh5xzpurgjzx6_CAdpuIARKARz_n2Ogyn4k547uNs0vWnuC2n0Lf96eZCTq1JrKiRuLtm72E8mhzDvTML_KWrMEMiZnPxnW6qfoVbaS4Rq0Xijw5lMHQeYBnvkLqhOVNKqQ8xK3W0tldobrJJ7rQoNc8w9kXBSzM8TcuQl7eOO1hWtktHo_vQkPihVPR6fE0D6-RmU9orVavDPo929ZdUPHrzvIFuDjjB1PdZ5GrNSb3XE5202hVfurVbh0SiWj1r2sz8LyQF56yfl3YDoFIljvx0HxgD0WyWh9Y0xlsEGQpCdS-QJJ-ut38falUXMzzwk84te23VxsCrCXcYE6fDY-ZE1TwPqWHBL0FeV2IswnrTBh0PbZgDFMXBQrzNroDyKZra8dALIaGTdK5BI_9WhHjqo7IMMbhnWH1TSs6LlZnIX0DUjaulW8BHK77g=
11,Budapest,Paris,EUR: 65,2024-01-27T07:15:00,2024-01-30T09:00:00,3,https://www.kiwi.com/deep?affilid=istvanpisti&currency=EUR&flightsId=0b771cb24d2500007ab23e7b_0%7C1cb20b774d280000c28b40aa_0&from=BUD&lang=en&passengers=1&to=BVA&booking_token=GSt1hDyyYvkQ3owLremqWh75gxqnNj5Ava85GQYpLOy_OInlr1R7NI47LjuFYOOO0XfQbLH7K-EJNiLVpTeb1woSa7nY_6X5UbZO_8RW5AmVdf8A6Oq5ge3ktzWaZhlkrBtFEGJ2Fr5cl7UDzcdX_-AZjyAyApNiUVY-oML8slRy0_hI3IJklGC80UC8dh69Ma81QHh8vmVFXZupKTyGOVlhr52HSZDnGB5AZSntpM6tRpBLQOzWDdREq8exGbDEVoKOgk6O9PY-5beKY-VMwQWW_U_29eemBm--bNiLxoNFUCzos_UEJ27H4yJLURcqYq8iIqiLiWGTcDZsmNQwXJDuoA4YhKewtsVHHUu8E15YF12lutyv-oTIH5RUM7CuWXkG-CqAevLnEup_dn0e29KtuiTlRlbs_aYwVp4E3zNoLaT6tQr7H2BkenHcVJPqcvj_BpOlhuMmkUZ6GGVnIzSCYSANADj1B4_LTYBlWEJ1j6UyRNeOt2nMNRROCo_5M_r8QtkoULUtAUhJv6Xd5GQ==
12,Budapest,Paris,EUR: 65,2024-02-06T06:15:00,2024-02-08T08:45:00,2,https://www.kiwi.com/deep?affilid=istvanpisti&currency=EUR&flightsId=0b771cb24d2f0000e989ea9e_0%7C1cb20b774d310000cc372b72_0&from=BUD&lang=en&passengers=1&to=BVA&booking_token=G8qm3a-zv_KKkpxq3MX2vA2v0fI9S_gCt-LFdlrxDorSf-EgbncjmhdsXxiGwmuvnJ_EFPqD5SzakG5a1qPKxpZYIqeT0EBUo4peHZXj9CruXJWaRpNph-aSMlMRzvqftycvAU5uTQRmw2L7snf181RoW-fiDzuKM1WT_bp4qykA4m4BTNpCuDgMef1p1mQC3g4bTUfS8rJ1F0obHiDKkvysH-FtANh9QzhnrZW4-g6GJvFIyiJOjETAUeP-QOHvX-grebWejEFoWt5UIuApzbC6nrWXhCmXexz4JyY40pDjsj5SZcVaGCUq1ZPrnoRmL8yFskkrMrGMZZ2akOAMAYqfx4Ey1rIovhw2Q3221AwZ_2CFAgndP5q0pS1ZPNn3yGnnHYoydpY5Z7fcFIFgHdgyuxIedZglt2FyHWnhwUmB4vLEBadxjP6h4yZt7ngxD_R9mX3MiiidfL20hFEzSoGlF7f_iFBETVq8Ly7NNxOnekB_m3E6LFkXwn5M6h5QOtbvJnvLr8bO0EbrFVoBzuN1GCj-rJA5eZLniEjVyS6s=
13,Budapest,Paris,EUR: 66,2024-02-18T06:25:00,2024-02-22T13:05:00,4,https://www.kiwi.com/deep?affilid=istvanpisti&currency=EUR&flightsId=0b771cb24d3b000074495811_0%7C0a7c0b774d3f0000da803df3_0&from=BUD&lang=en&passengers=1&to=BVA&booking_token=GYC2RMPp1hp7IeNSYOW-EInKjqxPntSiYpAqOBORpPXD_frg88mutpBzUDXkMLFpbJRsThIXGYdFEwRw_6HTE_WX0jRrSoy0iwXp5cRTta-mhQf_CyEqBj_eS1KVYUWCj217CxDJcdgtIy_2wMnlc27yIpztorTB_TLtLHEYt5C4sdPC4ejDIbBTVXO2lL56Qz-Wlap7W-ENnOz8P0PPgiHRj-Qzt6Ti0PcY2n0PqxVT2mtx7BK2-a1NPybAPdzMM54YL8JnsqWMZoxT491x8UJb2_T8lZgswEc4FBWdpRqiXwvdD2Bpj6a_Xgw8pA4c2KnKtkVlAGnYgD98LoFKIMldJHxtZL-B0TZHJTza1erIg4NrGU5typACjxvAKAF6kc7wYaMIE_4K0D6-4r0cdfpNu3TbBXpVr4yHMf53ardAgy9Jg_v8c2_3c9lMNs4oW4YwSiRTZ-doisvBpLR92mzHKPrjBC-vjpOQzLNRUwi-aft24OnMWhBdNEtI5qKm-amuX_ihRgGP17wteUqGn4uJwEUgaaPTDdb9pyeyy5L23Dmcokd4jZeZf3L_nAtzXw0durgDxRQnUC6oeBvIPpQ==
14,Budapest,Paris,EUR: 66,2024-01-25T05:55:00,2024-01-30T09:00:00,5,https://www.kiwi.com/deep?affilid=istvanpisti&currency=EUR&flightsId=0b771cb24d230000e8f06209_0%7C1cb20b774d280000c28b40aa_0&from=BUD&lang=en&passengers=1&to=BVA&booking_token=G_xJ0Zmz-VpMxN03LIunyOqVpr2z0m0ADjxOb_eCy9toWGES3SV6ptDimTXhSIKoCGlgNu4Yiz1DeV8eP663oj_TFIQk8iXCoxGUO-erAI-OKnvr_cT7Q5sQyYmyuEyYh7fQEqEglWTo0MCFEDnG27j5i8CFQXUrnR3qnrOmXWQnEnb5NLOTlpSDrNRi2tPB929sAt1iPzHQXLwxYrvN5Lek0hqXq5wfJTTi5VLge25BwN6MNnWGBnKhFfKCQWWOMwQ_m-cTEWVSsJJ4owzps-qXoe_NY5aRH8IBVHQtz4qS1INSeVu0pC0S0a2jPlDYH7KWbLmk6dYJ_tajAyZRLHmKPuffTBZpUC9g4xUWvHtiCPb2Y81JOJEhxq26iLa8IkoMZSoObdTyjmqhqjpISWJ2H_KxtMYDIZ67ukD8IHgupTMeLDinSMhWE6r_BtHhiunbDeqY0FaxcsYoZdcXQpAfM6xr3XRqy_0jkCtM67-T0uP8sY6O1pgemkmxG-IYUriM298BozTzt7ltCF69OVA==
15,Budapest,Paris,EUR: 67,2024-02-20T06:15:00,2024-02-22T13:05:00,2,https://www.kiwi.com/deep?affilid=istvanpisti&currency=EUR&flightsId=0b771cb24d3d0000b6309959_0%7C0a7c0b774d3f0000da803df3_0&from=BUD&lang=en&passengers=1&to=BVA&booking_token=G0OCZuuIS1Vf4JA50OJR0YaBet_fpF6tMM2MrPf5m8DP3mnshbapPZRxlSDnDC-m7pR9RIAwxi5pkh7NfZfkK99Jb5UfbBH_-01xke4igJzgt6PL58Usqur36k0WPnaamkUOpfXJTnJU8oSLWKKDHRQiTFY9Wd8YTgj_lMSgoeAGRNjknozYsH11NDX2K8WHh0G7_WWgsUvPLM4vK7gm-cqxyndKVxVgmRVTWQ61dV3htQCQleKx8FJuyk-o4BdivcXRV8CZZi-4SgwosUPlnA3AdXcmTU0m4eoJSnGISRuLf7nLIbCUu-oHzv-caPDQan1bHv2Z2ZgiKJ2Xxd_Up1lFE3EcjtsM7DyZ8fapmycH2WZpGMcdw0TbqBBWn8VxMNUdp6duXpmqT03zvOuwaWMnjLzq6tySQsJFvUSfo3G53wkciqP6R3zZMzMb_gOtUsjabq4anO4laNnlKhV8o68iNsGmyCPWnPC7cFjZqMTOVqrSVJ5io6yxsm-oTMIZZMUkkGh4lSvM8XLGmUAjnVWejtKCvvzAlq41gGpZI-inQ-OMGbwNvcBMLA2FF1-Ps
16,Budapest,Paris,EUR: 67,2024-02-10T07:15:00,2024-02-14T17:35:00,4,https://www.kiwi.com/deep?affilid=istvanpisti&currency=EUR&flightsId=0b771cb24d33000066df0dae_0%7C1cb20b774d370000e856a062_0&from=BUD&lang=en&passengers=1&to=BVA&booking_token=GUkzBfS7BXNoQ7vZ-zQ7nGSBqZPxvTisjYhQRvFG4M3yf4GxkVpYRpaTQAHobVyt6OO-U8sbWpzHl4sbJkh61bKQKTixIH8CgPrIT9vG1faZv4GaiOdYJu-Wdi43bs-JYAiPHvz84XlOBxLXzZTaDMWPsBS4an34zxd8pvBeetOVUgALqXqL6FuaWKnBHbSL4dx8vpVDG_s71dhMw9VtuG4wV9HuAegt8npbZvjibRmWTcxgQze8WTF0g73awxJY-MP6Jbf5fiYfNkFlqVoI_B4EOzAO2vccDAKayKNuhAdXcdTiRwiQepWuUS5wfcuGq1ZBUSioRL7MTe_A9K9eMu9Nv6PfX46x5mqfi3_IVKrfyxI5a-eNrDCfDdPUQjh-DmcLvgTcEIN4tNUthgkUoWPmtSHqsd-B5_vjIXlQI28cq8dwVv1ejSoO29zFAzog2oJY5SlLOeJgi4tCKgWjdtZ3WT9hN_0EkUvPXC7k_hP_ENzkUdUslNFsM5WSHptXr2QYPuPq2V1Jc1P4WRARI6cq1qLq3Pzp3HJpx26qRRTk=
17,Budapest,Paris,EUR: 69,2024-01-30T06:15:00,2024-02-01T13:05:00,2,https://www.kiwi.com/deep?affilid=istvanpisti&currency=EUR&flightsId=0b771cb24d2800009de8820e_0%7C0a7c0b774d2a0000e3d0cbd9_0&from=BUD&lang=en&passengers=1&to=BVA&booking_token=GcC--Sx50Syv7J0x0zRz8XqVAFg2WPtJp1xR12SV8EsDWBFnKESddHobvu77m32EUya1WHsii6D5FOrkkl_aVLAz4CyXuozigkWoSSRvFvvoZgzWWM7wmwi_aY1VHnL7Pxa54PNTYp_wgjmTfZY0Wb8kXEkUVdr4Z1dp05K5V1WCq8v-2g7-1OijdJq2QnNnzgOaT7mZ2XAb6EhSLyLVKgKjieFw3uazu99I6c_p_1ZcaejJ_pxMQKB6KO82cywoX1Hk3d4teMLMlmjhA3eur9rcu9cv-eMQ-E5Vh0OmcazwRgisOSlxvgL8rBm15P9f6ER_mfln114iZyLl8tTiY517HnB_Qbz-JAQdlC9ruHQeMg9h5NESaMsO6BibJuDRjPChxk6XHxnodNxFYsHUj0FCw6bAT6Bk6jZd3kwOeyBz_JNArgXhI2nqiw1AphYXjO-P8DUGt-lqybz8gyJIoiIwFt5GIqUWfjg6vrleTc1WEIyiVTTt13Ttmi4H6MR-hAUPVr03tCL7pGCkFXeI4eHHIFisEcSxFTNAis-dC3hI=
18,Budapest,Paris,EUR: 69,2024-01-18T05:55:00,2024-01-23T09:00:00,5,https://www.kiwi.com/deep?affilid=istvanpisti&currency=EUR&flightsId=0b771cb24d1c00006d94ba3d_0%7C1cb20b774d2100001606fa88_0&from=BUD&lang=en&passengers=1&to=BVA&booking_token=GiG65R4atfREbngAyLBB22mCU9NVBPGevK-BcbXaF1w7SUztH6ExubYaDna4VO4XXlVbz6WNZ8b1nIRIA-kslHR-pMdy5eESyr8iG8KUnXlHVpaAuKUrgdMObvuFS9vBGaETNt4QGEf8CdsCYAyqAWgy1awmlibtSXtmmWt4Z6ROdfXx_gzGScs_pr4qqSfI9tUE9GeS5TEYQepcwSAd1DnRSlCuffx6gshB2kcjzzA5MFOt-Onp1aMc3gH3xiZV8ECABo9CK9nrJkUKMUFZZhjP1EHPGbY4Kb8GgGeIjQrbc-1D17Q3pN1d5YvqBeaY1BPd7L_GVhSVgU_yOn7tK77dqBCX9n9mRaLLKh7sgEMlAEhQuUd85GESN1x3euzgf7Q-YYzC5veg8T9TGaWqvmdcLN7cV0-cq-Hzucg51-jGceNloCcm7D74JmJMvDM1Qth2CmjP-sEwegSBrrt5OE_scrf7IQZnoPWNHdQi2bNIM3IngVC2PNiEPqUyAzNWF00cYVROGCWp2barFcexKXylJiSRo3kTl92SpSFIXbZk=
19,Budapest,Paris,EUR: 69,2024-02-18T06:25:00,2024-02-21T17:35:00,3,https://www.kiwi.com/deep?affilid=istvanpisti&currency=EUR&flightsId=0b771cb24d3b000074495811_0%7C1cb20b774d3e0000e8c54a05_0&from=BUD&lang=en&passengers=1&to=BVA&booking_token=GsVj3LMHaUOKWKVvSH5Ye-q_z2ioHxQOl1Oc7ThuhB67V9Ta7hHw3iZmRGEFEFayct6Zw9N-3f4xrUEB2htaKGk9XCVZkioAQOJjMtPXnDw8PSR3IoyBb8_LmwPmkefrdckXqku7Wc8dOACMA_SpIODFbLy9aKq4z4fJDPgIWMRY9Chxh9xZMvc-8W9YWsZDlRzI58qpOfvx1goumnYv3gLRwjWMZHK8TmPZY0XlNrQIfP3atxzGoJAAx7s4ny6xFbuuR9R7tjeCpUpXWJJQcs2r_ESAagOJI3rmZK4TpxUpJZXt0527Gz374UIYbaVfDuKbGtWLzUn5mSIwLygNOXgRji3uKCjGk_350wJjZXkXka-3jquE2BgeQwDYTyvq0DP2BYdGy1v5esyxB9A3YcFdOtc1donYxZNXBDXvR_6TRYdNNUEgESCu0rup9o6609CM4cWv0z3VFWGNIryvoJxkgtwoeiTifwHyR55Yh60gZg1lrY73sMj3dF7Ro7sgBoWef_UhRD3LHShpO1Zx7jPIDPHr9_glLnEKJOQtJpk21e9tgMK9HazijtS8-nZjO
20,Budapest,Paris,EUR: 70,2023-12-09T07:15:00,2023-12-13T17:35:00,4,https://www.kiwi.com/deep?affilid=istvanpisti&currency=EUR&flightsId=0b771cb24cf40000e3a17d8d_0%7C1cb20b774cf8000097c110aa_0&from=BUD&lang=en&passengers=1&to=BVA&booking_token=Gt3uR65aH8mK0ilVnt-MmItQNhLbs13Yjw7Kw6fYsb6DlhaosXiMptr7WvotSctr04rw0lBgz83IV16xJak8zY7CxmQEknTRUhSOvviw6PdX3uWehD_I_j96ybk9rO0YvQ9Wcr-3u3gvE0qv1b_TB9mGzDX7-Mtjm4nwPX1TG8LN9kEvLslV7HODWdHtNjMnXCM27flpdMfXtmibXNuWqlLFCA0zNqCKhNov6XC4-2WJpZ2lWvEiNF3qeJHDneW2eKaQZjwWQLpo1VEw3k0T5239da4ye7G-60pWFYIsiZWpBWdPAT0J7B_kGZcHYVBkLSwcR1gh2rM1r5Re77rGi3z5mbofSCiJMC5J1zbr0Fz2od5xbwlyftJpmAKkiy7zEMN1MkIBw10P7lSsXHu-_caf0IZeZ5sHCWYbbve7nQ6i91eQwA34xQtj3qJ3B2U2gsAsmr8avB896N66d6n4di5XoZ7J1XVZTrjXA1GtJYHso4S2_ORH54lxhiwlS8yMWXNDqJTaK-8mnwARQBVy_YslZ-Fp1nFYj1teQLhvoChArCJhA_WFgkCu80WZADNZ2
21,Budapest,Paris,EUR: 70,2024-02-22T05:55:00,2024-02-27T09:00:00,5,https://www.kiwi.com/deep?affilid=istvanpisti&currency=EUR&flightsId=0b771cb24d3f00006608091d_0%7C1cb20b774d440000ec8c2a75_0&from=BUD&lang=en&passengers=1&to=BVA&booking_token=Gpz5uvuIQDg8QACJZY9NhTJFAegZpE8xrlyAKihFaMhILVDCr_Vt7dbc4glqxF5Lkk-WELZy-h9UIGe4UJAbV9BacG3WZZkgUGOQ-F2ni23LndUpaevcol57zF5A3otYmZjLEd838CNc4xS7ZSn0tAiIgWzPi4e8PFrL7WXNmZwRK8XCyiHv1xouG_N-h6dV96VD2VjeCkw5RNFOYT46PjwIXCNKE6jMgtq-LEELcAX6bxc_jA5ARLuAFG6rBRn2WV9X-WExxirvDOXx4v7ZGVsAez0PiMnGmmXNo0WwJI6nADDCi9sbcTSqOZrIgV_LeN8uzU7gcdJAQRPFQj0KdKqZ6k6ckIPmZH9r25-eXOLkZY6JYXD9zh69eNKafVCqOFwd9KvvUBcfM7pPYh629pPXWuQe0nt2qdomcWkUlE-O8X0xs1F6NkIhFix1B0hRSjFx845J3_iMI5Wz6pGD75dLsEI9HAtBLo40M65EMgpFpX33DjBB7BTLfDn_fO9FxY5Tw_FWGDCVjcW7yCvYnlhKFjqQaHn_m8na2aruS-yDHEQYrNBuHJ8td8lmYkAhv
22,Budapest,Paris,EUR: 70,2024-01-25T10:05:00,2024-01-30T09:00:00,5,https://www.kiwi.com/deep?affilid=istvanpisti&currency=EUR&flightsId=0b770a7c4d230000317423a3_0%7C1cb20b774d280000c28b40aa_0&from=BUD&lang=en&passengers=1&to=ORY&booking_token=G03ZMTLHLss7BVjox79ZEBPkklrXYEQeYDM1FenGAjX6Sz9Ig7XPhimpTSIL8vWEzJoMWrLiVLwiAdrks-GmgfSielKAoE07UeIBHgiCV-lkby4lkJIyRuRQ66G5jTLNeT3GPDCEHy7vYF0OFOJrO_LN-3JKz6q7ieuhT7C46WQQyrH8g63lLRnfDr8vuwbK_bQSIcq35KuATGuoj5YSG3EOYLVQwKQRBl7qs1u3YrEhH8am7w-vpFXu1xKTq2Lp48Pg-78qZaE4PmO0OUhQMWwRHji5xfKMJ11v1d1a_1MzqNjR4-qpLplvQOGEJIKgrSMU0gx2UETKuklvw5pR_m_AinV8YTPCIwo_pYr0GX0axIKSKLDNX2RqxEkRqlJNMp-oKTcjUdsrG5V13IzeH3NgbagMExh6YPVSSlKcz4MzjnuxHbyoOPBsDcB0ixdtL041W--sfUnRZ0U2W0zlbBCdJkYZt88bkIGgBrB-2oSZakCA3dAA8cy0K-wsxt7fKNfLlaujSyQxGlNkB4y4tz8wNoJhfsMGhA5tbrB0IB-aoliOezR9-1Wnh2HGjIckg
23,Budapest,Paris,EUR: 71,2024-01-27T07:15:00,2024-02-01T13:05:00,5,https://www.kiwi.com/deep?affilid=istvanpisti&currency=EUR&flightsId=0b771cb24d2500007ab23e7b_0%7C0a7c0b774d2a0000e3d0cbd9_0&from=BUD&lang=en&passengers=1&to=BVA&booking_token=GKOJMi_1f1O1xE75WgtIFFCWtltLupLFrPx5ER4uX9Qpt88xa68XkQCLLsy0eL90KS3y7mKFscGO5SxSIJX60q1265_IWPJlx43tK8oBS2WPIhgDMWsEga93MJz1lBOOTrSIcccdAdHRgN0h9GQ25oz16v1319cet26TVXjiQrbVa8x7_t9IUePcfnOwEbQNbrvHtoDRx5pn2SpNE0epeDwi5J_oV1FpmDoZNTB2VyWZXUVK5PyXNNocRj5WSHVD22Q6qIk7LBTN6oXWDsrB7tkmEuAaaUrKd5od1jaU83LppSsCuN87QdBVFOAz6plSzHLiz1JfXFCBMZe_U8BOerDmCenPCMTlr-vmdMZS-QshI8Yqr2ummUl4-IL3d2qnQjcpod6vUkva3qOlMSaP0e3C4zHGL_qGN3hM4yQK9qvMLKYmMTMgxLdoEd8ZC91tMG0QKTPqNEL5lMMsADZbHgE_0XW9venjsqTeKpzn5zqymhnHCKcb0FMc5RiL9JX8wYM6qoUqBEHc22RzNSocWbW0_cDTx9NOdMoeIe1g-iTM=
24,Budapest,Paris,EUR: 71,2024-02-02T10:05:00,2024-02-07T17:35:00,5,https://www.kiwi.com/deep?affilid=istvanpisti&currency=EUR&flightsId=0b770a7c4d2b000055f6356c_0%7C1cb20b774d3000003f281047_0&from=BUD&lang=en&passengers=1&to=ORY&booking_token=GaUt3oBkwcNLw88n7gWfZswLU6vkPDtUOJEAnhzoimI5XumEN-zn5x7Vf7OhQ5645umF_KLTG5HPyzv2KYWTKLjOG5Xon01MHnsc_W-2VV7_1P9z4sl3FEWKoVIapBa9n1D3YuZjG4SbNb78KD70tiN9Nf_YuuLJ9ZBE3rlRA6QRLKFsckTTmFJ3rWvCPyKEVNyBCC8YZ18oWz_-sLgT47j1Zwjuxw57fBODtk0eTi8Y4n7BfdPpuOFGG3p4zQVr0OOU_FF-yJDY_mU20annKh4Yja0jUz_o4R9YkIP4cCGRC8QPblUetxFZoxF5hdZqJP3RKGFJbrVRoJA8rMwVc_JwKrnB7UJeC0JQC-VxGo9unEMVyf8e_p5OSBZDIYHIyx9sVmDjEJjb38EDIDrzr_HhzAAKa7x8Bd8ntoF9iQX0Fb7NOiCVtGrxck2QNfL-QsiyPgY1SjU0YQaUQQqlrgMekUGGnt_8pCNg9GIUFUyG14S_JJeKxcZuu8_4OvyRRVd04q9x_oS3h98_cuz6CN8BTEjxA1Y-kElTISXUzhzUSXbYR-z0zCw8e6hDB_lzLJ3Eu-i2iS8wN0tmdspi5Fw==
25,Budapest,Paris,EUR: 73,2024-02-06T06:15:00,2024-02-08T13:05:00,2,https://www.kiwi.com/deep?affilid=istvanpisti&currency=EUR&flightsId=0b771cb24d2f0000e989ea9e_0%7C0a7c0b774d3100002fdcdd38_0&from=BUD&lang=en&passengers=1&to=BVA&booking_token=GsvnrC6kSznlnD4_zdQZAzwW3QyTyoQP0EY28_2095OH6FSz4Hh_Wn1ZnF77YABdY_SKn8pYOtrNB9fg91fmwdIUWU8tXWpe0Otbf8wqHNm3rvwiMFSGMEFDoeAmUKO4_fbxbtLSIPT4zX0A4MZYEkJUmIiVXDk-wVoZ9yL1K8XgkWL6ITe-z0f194MsXeKUio0agnJ8s5qAKxRXfdXpBg_65odDB3Z6bCxbk4t0IzzdRhYonAyJYlmw7jWvBuC_RADiVKqTeLDZsL3uCLk3o7t7ADVa5lIRAONmIr-idmu0DgvDUwpfEJR2SA5OnPJaPIakz0CNxuXILN8QBb0wAJ48bM5CpP6hLEwBg01Md8JGagoqpbDVCytcSFTV8GivwhErEUD9h1DBtst0HD32TqHkigHjTIWW85HJtF1XgMmDmNmJeK6vZtSRAeKhiJmN4KNLKognuju-PnIjsO9IGgeFeEcKqs1jq9lFz0MYvTis2e3AvAIfg10zFmUQpB5k2pw-wqa_GFVIa08qsbX8TWumA5Eh0w9XDnP-gj5E3bzwINfKMitzUgnS8ROcVBhHr
26,Budapest,Paris,EUR: 73,2024-01-16T06:15:00,2024-01-18T08:45:00,2,https://www.kiwi.com/deep?affilid=istvanpisti&currency=EUR&flightsId=0b771cb24d1a00006bbaf908_0%7C1cb20b774d1c000032f77899_0&from=BUD&lang=en&passengers=1&to=BVA&booking_token=Gt1i8QOOKaylabKyoN5KLWyFfGNPXgh16so05QpdmSMPiDLr-ooDrl7lqp4Agdwz5xz4r0LyCs06RgOKf1WpbeE2_hrDCibWylJbBxeVRkdxyl9iWdiinhL325OD-yOwU9PJdeZRSVAHjSjzLm2CUZm8yXm3IycEFaBDk5GdhaB2vDWy2WPrIMzZwCqn_qf-1RLjAdC90ylKq9aNgnQm2GNShEBJ6QtNBjafTOXanhYlls9BXaHDw5HxmBAC0rC46Cp54nNSW17tnyp72SlgPsxeImIuhALaULaWYtj9V216uPS0dD3FlZLWooTdSrt4JqLMoRdvK1t6R1oM34H1v8B7lJnTILb0HpTGPHJJ7bjsPE-lO7-Qz583lgS06zfwGJf3IjxWLxJE0ers27LCx8B-dmvACQ6UNFQkJkAYKG-Oq6hSWux0tEgrGk9iO2LFubOhZDlBNoP25npSklksU9gdlhVT248AtjvYWDcEPcfsufVCXPpEW_5ujLZL9UhNTGPsRvOJXG2P1xA1UaI1ku4u7Zg6I9X_pBnjN71YUIqM=
27,Budapest,Paris,EUR: 73,2024-02-15T05:55:00,2024-02-20T09:00:00,5,https://www.kiwi.com/deep?affilid=istvanpisti&currency=EUR&flightsId=0b771cb24d380000fd03fd9a_0%7C1cb20b774d3d0000e9535bfd_0&from=BUD&lang=en&passengers=1&to=BVA&booking_token=GsYHIwASo32gYPlIOcoHD_fVnhSob9cEx3bdWvPLXqfvtuB-VJyQ_62uZCeL8rjpbBzbvjRTjdN_ElIOH_V2sX3QzjFK6a8cUloGVFNrzVPnawUPyI8W_bKt2u9j9501zyISMZQsDKgXGIRCdLgZm4RBKdl73DF0PIYZmhu5HYH91PU4xdxOK_c7tQAywp6bghiGr-qih3Om_DFpbqb-rx_wVP_krrvs3DQUUjx9rUj42L4F_KTYOaDGlJQhyeyqXVeVlVAMCAKWQ4qQY0biG4i9U9BjB-IGI1VzH3_HkngJqN6Ufse7Gt_qjdwqyGT0vuiOrmpE6-ul4VmxgnNjokp-5ovlkWS1DbKb3txgOyAvTf52X_mK1ThxCc52URrH8J_CGQJHUBoscy2uKT3MmFOVsBEJzCP0EQZ7D6r3AJZLQvrDz1esY7Vypism7aeSNPVWo5sL_hPxdNH1zmPWVBLlKvuhKT-q6sJEAWdI3H-4iIPvZ_vUf_hOuKRfQBmCRu9BHF80L8HQyNPHSPUjHxc8rMrLSg6lmyau1liW47S4=
28,Budapest,Paris,EUR: 73,2024-01-26T10:05:00,2024-01-31T13:05:00,5,https://www.kiwi.com/deep?affilid=istvanpisti&currency=EUR&flightsId=0b770a7c4d240000502944e4_0%7C0a7c0b774d290000afe282c9_0&from=BUD&lang=en&passengers=1&to=ORY&booking_token=GxxaUz9lsDnNgR5pjARcNwwg8PkSSMRPnKsl8OwODyXGDh9vENiw_tlO_rr9l6WZ_p1gV5-97kX1y1ulh79YipOFouHTiXmB-yMZ21Muysgl1P1C4lIA2ZYZf7Hjb1U8nDDBNJpgU7kvQCGFuTTLNPDVU6oZZmvRrkwORK0k95IVYhjoWjpAMFIz08gf7R6H5MMCKmWHYKB81EcWZjUWdZxvBv0PsGVJ1hHUWJ9x9nTY0VpXFtBaDSWJAVuIDkTtCcgRP-tPw_GWSb1mUdHx3VdLdRMHLCzc1cdYEXThgw2vc490CFc9A2WwarhgYDFbDgSAUNqlhDgW4y8qUqN3H72y0eZLnLgKFmtk2n1lY63UIU49jRIdkiDue7pTStuFCtJ1BqBeAc1lDT7g1vB8DyoOW_5dxWX3-VB_X4mXTVxIPOnRYRwFP_UjHxmPHWtPr-b1k4-xBvxFID0o8NQK9dG-V6wfeGouqnV2TDXOqwE2Jt59aDcytD38XkgOfbkOfYYtZBDNCtB3SmoXn5Mtl1dRcNCTeV4U_0YAAx7V4p7Zd-4nP_9Si-FeOY3SAEO6R553G3M9rA0hnrp-OFhViqw==
29,Budapest,Paris,EUR: 74,2024-01-13T07:15:00,2024-01-18T08:45:00,5,https://www.kiwi.com/deep?affilid=istvanpisti&currency=EUR&flightsId=0b771cb24d170000188c5a3a_0%7C1cb20b774d1c000032f77899_0&from=BUD&lang=en&passengers=1&to=BVA&booking_token=G4pQuU9aD0_F70_aEZVMG59RogjVOvSNNYKRVcyWce-1prqBlMbMgEwwcVgel6LjRsX2UTICleFGEvDxA4NCaP3eXlqUbUb2oA0F6Crlnm7QHou8Xk6BMJBQWsvbWcZBuYpoOxp59COtn-uGPIIU-48TP3s3AV2IkRKFmIT0GBCYdS51jz1JGYneNfYj6_G1soVFF07jSHFCvvRHjxiDkEnlSwqC51jJT4n7vf6rMGp_zIDBbqAQvfC8GowrQAILcfybXTw6yyDQgQrd39LFsMGUlGFEVZFpw9P7Z4j3C2D_1isY0MFdVxEqHkZ1qWBm-n7MWV_WTqMyVUqk_-Obo08noClYhUAbxpdZ0YgjpnR9N2oLj6fD33K3jwxCRsNdROgUG73v3BZrrSN9Q90PwxHho2efCEuKkOy-SUghnsqV4JT7ayor7wgb4cvxAxGIRnLB8jEd-6WUumfpok94bpZaRGedtoby9xTLDNTud7xdPOmbxt6es_Wc8wUnD67_5nn_OuZdW3gGMME0FMlOEhIo3BflvABskRsaviReKbUOHRSf47oUDZcpOsAN7Bi5_
30,Budapest,Paris,EUR: 74,2023-12-09T07:15:00,2023-12-14T08:45:00,5,https://www.kiwi.com/deep?affilid=istvanpisti&currency=EUR&flightsId=0b771cb24cf40000e3a17d8d_0%7C1cb20b774cf900001f761027_0&from=BUD&lang=en&passengers=1&to=BVA&booking_token=GVXUVd9Pkw71Y4tTzFXG3FRV0fIoc5uP2Wo67DqL_6KfWp94nv3FBDQBmb2PmG5FPwZXAp_93YMq3swpjwaX9KSw4sJQjzlT7LNc-eHJ5NJORdrIOAvwbv9gSHGgptVRotN_hX3HwFazD2mhd9tOtG4ApzY3yFe7y_pk7dmOtNYbHL_5WVUIDyQtBsuKW-YRz6xttRN9eMvFEO02WR_cT-dHU8wWLHCXc8Qyjkl_GrypkNvAo52xxoPJs5LDt-HLLRsfDIDq52HTDjLCx9Vqo2JD6ByoB4S24a0I50ZayJ8caBdEu2HT2C9eH1F6a-KH_J7kD3tLYzLJ8lN9vSIIH02e0DC8D0S4xT-zVv5Z2pExRQJWD9Oko_rVRMll9j238dAzmYa3ae9S4zmrcuydO9BAgLEymV_sc2EjRxqUKTMgoB8G2xmOUKUDsRE0u0kugB_wh-zMmxRVvXeijcaXKdQi7eFsy7iMGD5UHR3UaEyJTyczDoWdY9MF_uHgtBxUjHUOLsGWbZHfU77wr1XGsQcsDZk3uNbUvvwhxUgm-ZTHtbsgn7-pag-8BuRCeEmMO
31,Budapest,Paris,EUR: 74,2024-01-13T07:15:00,2024-01-16T09:00:00,3,https://www.kiwi.com/deep?affilid=istvanpisti&currency=EUR&flightsId=0b771cb24d170000188c5a3a_0%7C1cb20b774d1a000034d93bac_0&from=BUD&lang=en&passengers=1&to=BVA&booking_token=GFb3LxGPoip0KPu0KsXD0wLOjrk3pYyP-lJM7oEmjav29oThtpY5TrhNkxzlNesDR_iXG9dBccnVMlvDMG-cZqPb8zGxOxPZNyO_WXVItPo9JEMoDGfMIPevs-QSEEgxXL8ztad6Lyb9bQ0bm-XLIn0kKFxZZ-XLSysetvSQ7ZwJhOpZ7Ks4utWKzIeLxwc-rf4dYoFl0ogTC3NhkkWXr2KQ1K4H3wbXdka_zytBCyq9AEcNDgMtu9AKO_VZ4RTg2rsiOxGOCDVsASKmnJNblBYZgwYKwSGb_WwcjOgHipAZgCFT12Y_Ekq5iV7iZOAlsd1ldH0c3mXNKUuAOQCIMsyPUufNMmLnNHAvRwAASqJlDr8-LKI6YEdTkndah8i3vT2oKZyrwelMp37hSHXKszyNfdehE8_S2vW5PusPsye-GNZWaz5eJyCai2-d1-Dn1Lkvwa7X0tYfsj1KBCjKB3HVoXcfBDrHx7s_SrF1b44FjBENWQ2EtSwQaruk7RdT9gKZKexM3tORFrpnxXDgTQkeZfqIBEwo7h0Mlqm9f-_DQVvcuNuPfhhezXjNZ_sMe
32,Budapest,Paris,EUR: 74,2024-01-13T07:15:00,2024-01-17T17:35:00,4,https://www.kiwi.com/deep?affilid=istvanpisti&currency=EUR&flightsId=0b771cb24d170000188c5a3a_0%7C1cb20b774d1b000008737a76_0&from=BUD&lang=en&passengers=1&to=BVA&booking_token=Gg1BIjSY1SifPk8grdf4amUfkEzdyZny9SDxpmywwKr0s4NBBusk5Ekze2M82PrO_wMY3YVoZN6uCzZR0eM0EOxTM47CAABBMAlC83qsK9DOW_yalCMFZSNdicyjVIDmVRkuaH-7rAkPc0J5aVq2o4ZkkhmCg_9WnCjjfxGgVeG4_2wP1fWcSlttD_tgBuPJg4Me8JvfYHBxCqgNIQ3VEsb7BcDGhvG47WHFeJt7bq8d1J3se5EvBqPd-2fBHCzofn0SsqdN6j1ukl-zbqZKZxkA-0YK-6KY9gFP1JXPOMusXu6WGnxNdpMfV1OdqEwK_tDUJpA0NGzJcz0XnHGpCPZB8wziGAGx7W0dq9HBrb8RnoVwNQgLYsN8zkiFJiXLLpWf7PMw0VxoZNzyAFYvGuKauwldMuiNAOtZK7yFoHBeL4vI7WPfM7qLF_dYJntmsXc1xZS5vzdA5k2qcHEjpmN-o7fP2XhlO76JvQgbK-FFHwKw7paqSe2L3su4DZh-lZ7nC7r4DhUQ45KHLeezafKD0ipeeeYyyusJaUDC6uzquU_ep_9esuRwcSGqxzxDD
33,Budapest,Paris,EUR: 75,2023-12-10T06:25:00,2023-12-13T17:35:00,3,https://www.kiwi.com/deep?affilid=istvanpisti&currency=EUR&flightsId=0b771cb24cf50000cbb6e58e_0%7C1cb20b774cf8000097c110aa_0&from=BUD&lang=en&passengers=1&to=BVA&booking_token=G7CzDrPDdfFke-YkYRkvhsf5tfQPImR1JQOwFqh3dUP-nfa-fBX5uGBIe8uQ88ms7tY8ZIAGJcKaVImZdkyxGDz1rpPONQ7FgfHEUkzhNzb2RWSlTwM3z6IziJYNO7ADHrqo9hNRwVzczYL2ssRiffQp1IU-JENmE7l8Eu-rsm0mtzeCyoDx-dRS27vpM8zEwYfk3CiqgcpBcXvgNkVAHj8DMfdWAF_T3rj9XBhnTAsZAdF_EZTvYY_NVSVEfnfGDn5D0cWGviYGQMM9UIxWBYpDYMV81x9ZFTpp6atY9KBuo4CebSu3OUwmSUPy3j7m1bQuaHV22_6tnC_UK0OiyjSk83CHW8zPxqW7wrJFXPbH0zWzjhYyVDdQovnenYkZVTtM161EfmwiXsf8jt956Scj7Uiro2rAVbc0CbZV7jWYp2BjxzB1Lj7QkoMxXXuZunFvCEwWRi8QjTdAzyThxPQR3eZM55uJortVsCyjXV4zCLkV710ceIQ_pzcPzho0594lIcOdNc-i4elGFuKVWR4EdkJtoVFEtfHRxnPbblMpYArfBNfnLHkRsPo3aQMCL
34,Budapest,Paris,EUR: 76,2023-12-13T14:50:00,2023-12-16T18:25:00,3,https://www.kiwi.com/deep?affilid=istvanpisti&currency=EUR&flightsId=0b771cb24cf80000c8a2d20e_0%7C1cb20b774cfb0000d016e3d3_0&from=BUD&lang=en&passengers=1&to=BVA&booking_token=GKoA_XVdthPYqI82AfTk3Iw39dX29ZQwkomNqIYoqKg2HrtizEnuhrq-kd3fYim0A8iaFGdT1Z_z3ZgeEQ8c5qBdiwUEsRH5W5w8lMiacL3vx4jF8ERpt9A8oogN-DCHOyx60Z9pamiv-ln7yIXQGJKQymCyx6mZEVgQ2ZXAQpv3J_gdWpeeqpYJ_K7x6Dx1AxvsjlKatOTG0YMtpeHdtuIfZGOSY5EM7eQcb6T9kTvBArd0lF8OOlGSAzwsUlKZU7GAGg0P6Te5I2xhztgmcIz-1JV9TIlIo6dxc_YNcX_9-aOqCnpssUKwp5q5Ynm7m2EX0_iKBcpKZPrz6ypEa6bUr6TJANOFG7E7__qmY9uIabG-Dq_fug0_EzHPuOI_g9BAuKi5BCltrMREmwDd_2FhtAkoUKlWw8VlayByx5iu1xxRUqFBOi15R04E8PeB-qoNXcv3F0DDuSvjBmqbRYH-nr24LgnYrjSRvw1DwRJgTPwVRsEe2VW3YXvkH9Z5w1SRmeEypUU68YB_qP2Ln_Cfn1wDsm5F4bKHaZjI_Tpo=
35,Budapest,Paris,EUR: 77,2024-01-13T07:15:00,2024-01-17T13:05:00,4,https://www.kiwi.com/deep?affilid=istvanpisti&currency=EUR&flightsId=0b771cb24d170000188c5a3a_0%7C0a7c0b774d1b0000eb988c3c_0&from=BUD&lang=en&passengers=1&to=BVA&booking_token=GwbAGmPZzD3J2cs39VDFWrDHrpRMAjhbTUbKlDIch_qdsIR2JFLlEaYN1sBXmbi6fTzNDukdPipE_xOE42eydgZ9eOZvE-an5kfA2cEdIptbsB4si7Sf7j1Tf2-eHl9uQvmFI3N7pH3OVZ7QYzhKHNg3I9g-bh-gbLHTseThWwFFEX4nq1Y57NUNnWcw24EEGvgbR2KLdwylBps0TV0yAeV2Vu6cH6zH-x8-JFqNH_yqtj0fUm0u4WcmDz-ePqjoOqC7k-C_YlSauhlTzmmSto4Bp-6krkvVouzagRy7nRX2fKsK5_gNjcD9h-oucmC4y4oqIpY5fjhTa-e__-J8uyMWx6pjvaU5WbqmOHH4iIUMuPPTvPOOSejuEmdeE8uacfY4VcWX8dN0q6Dea962uYeCcvfYF3WxkSBny-gOzV2-QFfrosRRhh2EMbyZSqbQqnthe6vybhQspQjKeXJPegvo6xXdpLoJC-Qqw_4VxF6tIKz5dWU9O3gFQ8C05KJ4YUkpR-BqPFpcGOxBWu8R6yntmCluvkURClnAy4sgMAYgUcI0LVhAls7dGjm0kt5ExF1eYBnJL44Ih6EYm34Vhen0OLtxgkUX7zffAc006aW8=
36,Budapest,Paris,EUR: 77,2024-02-18T06:25:00,2024-02-20T09:00:00,2,https://www.kiwi.com/deep?affilid=istvanpisti&currency=EUR&flightsId=0b771cb24d3b000074495811_0%7C1cb20b774d3d0000e9535bfd_0&from=BUD&lang=en&passengers=1&to=BVA&booking_token=GgAYtq4cqr7epAiWILH-Gttz-QZyyk9vQ9Pr0pUefZl7WganL04Xb4kj07QX0Cd1_aCc_RT9A9V17YQWxIzWVHKLkLUhcKcq1r6m8pAI5xW9M141fm4KlQp8kFwe58izDIdFJ1QRFpO_-htGqptugl1OKhKHq4VX0IQ-x76b4BS796g2pgQf5LNk_jl05vM_T_RU8T1B39XYmCdbmOkE7gJlshbIipGCE8pQyEhFHc0B17NjKZzq4D6w9VY6ZYbIIqc7UPdmweFioNmHfwJB99TqJ1Rq1_68jfUg5kk5TYOj5GZDk8vr3ahOoXeAu2R_mJJ2LzduJgTIr75EzFt2aHpLFprFEWb9bxy7j8ruKBoPxOAcrQCY_WHSrfzs2jrPIQax6duZiXsRsdeVx8M260Ez6mN1ZSX9h47cTq9G5cXXGVYYh0znIUE5I9Ovql2Yd79JI241nvIg4HAUt3XKa33Tiv8eN2195pZihGXNcNUNbjXKtg40zJvYZ1EwBjuA7kUOMR0FUtuv3JJxmA7x9RU83quv1Y02Lq2xxA28quIoXqBlVpv4waHqSPSrTvAuI
37,Budapest,Paris,EUR: 77,2024-02-02T10:05:00,2024-02-06T09:00:00,4,https://www.kiwi.com/deep?affilid=istvanpisti&currency=EUR&flightsId=0b770a7c4d2b000055f6356c_0%7C1cb20b774d2f0000b6ea283a_0&from=BUD&lang=en&passengers=1&to=ORY&booking_token=GJ5hOaux7uTrabQgCOw99i8Sq7HknEqqZ_lUQsixwZOr6n78K_JKMVIu0meGNn1isiGes4TmIwRvmVuDXBUrZw6l9_DD4f84nb7elvulM_-xM4biu51gZAE-fT78mff2CSkEjKWThqk0UUAlZCGtGDVCQ93FAIQ_LtBUtvq5ZV3-OndoJALEH_ooE0THzflkLCbZZ-2LR90VcB_yg2ATk-PnQjGKqfHJ0R2FWts8FlZ3NTFo5ZC4ChDM9_cyNDNaMZOjiiXWoBl3UqOyo4NLC8jQW1AtovhXZJEq7Uh7Fy-cdbFH75puL8wp-03d6EUvZLi6MlMZHeQGwQk2TW1PQfEdab4iOfKkrH9NVW9bVEjxZavB-v5YShCbN9rao2EIa2gBf-IWjGwLlz-xXuqTTAImlHfelPne67CEGIgj6XRg5ZEX90k4XljpnDJlgPNy9r7EBRaA7XdslZA-Q8cfrnK8Z9JB23dt1xnYzEYEfrJPtiVE0L2rjW3wTgVULpes0YgNCBu7WUlzHiSHRf0u2AbY65u1qLNqmNMEiYwbemLRjjhaTvAKCqjVLeKhoZPhlF6tR0e1d4wgQvGVOsKptGQ==
38,Budapest,Paris,EUR: 78,2024-01-11T05:55:00,2024-01-16T09:00:00,5,https://www.kiwi.com/deep?affilid=istvanpisti&currency=EUR&flightsId=0b771cb24d150000da6f0e21_0%7C1cb20b774d1a000034d93bac_0&from=BUD&lang=en&passengers=1&to=BVA&booking_token=GSxQlMfJZhNvUcbqjCYh3j8wDTw_NvVlDbf2x2PBn76FneUrCF3u2ldcKbCQCUSAwBC7257Hk7YtyoSV2P647UGXDLvGRAsncTzZCZoWRiA33JwwYT6ZUHs8w4rHZZRwSARmkBTqtBSSIckV9-aCBlOeVRqwz58SktfHXNytT-9a0qH9DhxOGjXlZP36pFNxcEX3GjYcgQnX17_a-sl7hh323VvwqQg1aVfSHqvbJVMvv8Stjsv4sMiTs7dYN-MbJJgzd2pAdd5F0r6_LhHizXLp9HSg1vq0V9rNGbsD-265Xb4_0GZTu_TJPqb3Wy2c5AUAighQA6O7NVWPmHSbNP8m-sl4a7HYDJBU9sqlCi160oAa_daY3KUDG4NEYKL0yzflLCtZzS2Xcdvu6tPVCULELTR5f4rZAzoeRLpeBJflSIno3FtuYs21PS6Z4Pf-Jc6BvChh7SbUGTLMLbqacb9axLEPKVai3wBt1NOu0r7baCUtrRnQZrGfFq19sDySTrpMTdpMv7f6QhxWBQLQsV50lJuASxCV9dzDMQOmP4ns=
39,Budapest,Paris,EUR: 79,2023-12-16T15:40:00,2023-12-19T21:50:00,3,https://www.kiwi.com/deep?affilid=istvanpisti&currency=EUR&flightsId=0b771cb24cfb00007f0db503_0%7C1cb20b774cfe00008a37ec2e_0&from=BUD&lang=en&passengers=1&to=BVA&booking_token=Gv8v07MKClCbnnRn7oSRNw3ZZVSIJjBaKYKZ2hqoXcEMnjd3A_EJ4IlhrrEab-oA8nYJmq2C-vBgstFf4i6beKMcLEwHTzmzODzy2BTX48YAdXpV2DaIs8smZNKsLgXTh9I28Egw6LYFjVuJ17zyRipO_JbMhvVmJMkfODK6dvYgCz-VA46USBNmAts0ji4SrFvvspiiBLKtVd0fY6v2kG27Vg9nQUbbqq8Ysn7jXLQNFLTFWkaOBg8mDTkr8gbjj21Nodxc4Fr46dVikMnpt7snZ1zge7xrNruAP1aMmrFL2wCWMxD7dDdx94kCep8SMBo_gs47VmD15FWJ-GJ3Xu9OnWMSzrlCQUDCtyQT7BV6ePCoNL66VQ2LdKo5QtwuhMjlow6Daa_vSuZ_omiILS8MBUwmDjSGidEE8WJGrDSvTqOKFhjk_El2YNt7lVfnzT-ttpmaJR4Z96xwUcOnfvo5kHRwEU8Dr3XEnVPgEIp6V7pGlp8HGat3T_5qZXGLZdLejnM5mS4ERoUojNRGCg6aolkzwiHQhpITJG89VgQl5jAFP1b7e4RGOHWAVCkFF
40,Budapest,Paris,EUR: 79,2024-02-18T06:25:00,2024-02-21T13:05:00,3,https://www.kiwi.com/deep?affilid=istvanpisti&currency=EUR&flightsId=0b771cb24d3b000074495811_0%7C0a7c0b774d3e00000b2ebc4f_0&from=BUD&lang=en&passengers=1&to=BVA&booking_token=GGyjfQeFTpk2dy3q3CFa9PFUfwF8GQVG5i75E5IaJ2aaEVOz0c_p5S0tWuKh43ZFHkeKv89ecjJcEhtV1pTbTJrLKOILX0F71GkipmS23lcDhTV2vdQcGNmz5SQWP3x72RUFNhXKkpVyZuCaiJHswY-G66RFxozrU4-TuNaI_-2Spx4Jk1MPAzF6-qKc4cSm_VfyAQL_AbgO51h1k8BMF4JXJvXK6lD63dzw7j0fPZyPWMs8vqopWYoi7B-leN1SuWa4gnyU2RUGam_oC9pPG7YtN8Vg_yjVUYRo6JRfypr-92ITbbD6aNdspnaKG2d3ye1JU3stIx8PdW6m8OVPPFU9g70AYX_JHbu5RZuYnF_jjfsP30SJmOwbMNce7a3BJoFBl-2M4I0StuhZaCtKrU4ax_mGwYcPgzYR_cTs3NLViVUig2y9n0CeQ3y6fp03HJlazD1h45JL9PAPylSU1gRwxrBuG_w43FC7XFh1SVCJNyVHANo2vgFNmH2pXIvOxVZNkDcUqpPzlpDtIUBWB1kchbVH379_aPLWkh82jQ2TPJTjZzPvwHCD5KFW2gvqT
41,Budapest,Paris,EUR: 79,2023-12-02T07:15:00,2023-12-05T09:00:00,3,https://www.kiwi.com/deep?affilid=istvanpisti&currency=EUR&flightsId=0b771cb24ced0000dd5fc540_0%7C1cb20b774cf00000c321dc5b_0&from=BUD&lang=en&passengers=1&to=BVA&booking_token=GoJvVkWMtnYCzH4zfCc9P-ostPtGSpH4pYlnDnkCTE1HpkIGjWu9fjUW1yDHCWvvFkKJGqf2ImqU34bJO98z-YzcXoPQK3-BJK_OeU3RJz8uyf6efPrz93_uaoeuVzzl1bmwRpo-FkbuDmkHZXd5ifSVP_Tg6bmi8eJCaDOn7g-fQ2RamYNdz-ZZ6zFGbuKDs7s-njZGmWQgnlXf8lI_5HdVrl6CEXnhhI-BumoXm7iiku_CVfTITebI0tJLN0mL-_NZKPvWnJNEfIoxg6oxFdWGksb8nwqYm6NmCLnAfUOehJ2ijemj6qAGZ15lV7SB4Q6In-gJ-NOxBFwE1UzY4U5AW57tzAX9aq4lju6oSjcp65nsRbUj1ywOh5MmRudJyT1m12bTPxpU3235f14LsMp4xdRwGwGfA94mppwko57HwT40hTFRsWrtxupfliAzc_Uhh7mc_Qe0ZHn9pwUuAXp9JB0XnBTXzUl1BHgucn2-L_aOgV7FUF3aRG3HeC2N0Y3PlviG5SyNc_V5LT5upzdV5K1xhSYbdnmk9uoezwZQ=
42,Budapest,Paris,EUR: 79,2023-12-10T06:25:00,2023-12-14T08:45:00,4,https://www.kiwi.com/deep?affilid=istvanpisti&currency=EUR&flightsId=0b771cb24cf50000cbb6e58e_0%7C1cb20b774cf900001f761027_0&from=BUD&lang=en&passengers=1&to=BVA&booking_token=Go90ZvvZyNqak_SiOUEYKMO85fLgBa2OoXqi20aomO_9fs1oFtd_WrItyVcQD-kP0x79UzgX80sAzWOcqSvvmcq_7yYMn0RONCgxSUfuZoDtVt_xidWw-2pDMFT3tB7ZXcOLp_8523R2cfzHRJ1stLGXk3-KGQWc737BiNJDGXgRKnQyr1pP-_zQEXRO-r848Dwg4Xw2hHMCSqt6wWV1fH4fOZPlJSTT9fMa7oOJ50jvNSSdgRKtEFEmnx98VP7X7Gt-Lls_PZkSCnwC-odtEI86gTc3kBKrc7S2xqkv-0fbtRBb_c_5y9TohFsogaAO4-hIMoxxjxofvurwVYwSvKuX-rCxMqN_KPdRESQweWOtTpl2Z8kXzNKfh-tQKgK3D6RnDI7hue-ewOH3jgI0pW02OOcxnl2-8I9hjU3avwngPSB5_SJOmj9hAS7ixN3nu-YnpBL3G5A3E_gVyIXcDHmJTBT95IbcWXHoDK-o9wFBbXTQHu0rrep2qqyRGpt9OO16yhB7Y8QEAiu8Vni_riEVCnxqOs4qRcWXdGptKsp8=
43,Budapest,Paris,EUR: 80,2024-01-26T10:05:00,2024-01-31T17:35:00,5,https://www.kiwi.com/deep?affilid=istvanpisti&currency=EUR&flightsId=0b770a7c4d240000502944e4_0%7C1cb20b774d2900004c097483_0&from=BUD&lang=en&passengers=1&to=ORY&booking_token=GasGiQNRYTDdvmaoQII2sp7SSHXdtplHipXdlPn-76utHWWOp0QWbNff-yfMwm72sFwMdRdKjbqwCjD42CbtPo4zQpjXvj9z5S8u2RlE-nvjYtCZwP7F9wLCrtCBXoLuTKvbQD-9z2rkipKDLt3_JtA7yE0Ht6lpFcTjNVE3QUvDfvPKXA0_BQIwbBhDGgyz0uP4Mjb17gNkh1NpqRL5S7YpRUODCckdUJEdfy7DI0KezgphD3JQDzEze3lzAzFkZgFYD5vIM9XtAoCF7CoxZFH6ExC0nP8sqEOUfALNiovZCFRPnLRDQeuGNtla1KAPIciLOQJ0KP7BNsXpxI2a3WmQzVy2wmaD_5PvMZnWENWShheX1PCF6ZAWKm9uA37Itaa1KCasdpfRkKpXp5ZpPmWYH4_jHyVac_0ipmh_NmcFL6tDyL_sSI2qhnjI2GCwoOXShV8CqhyZQbGnymQi1WHeZPkEBxw7gM8thfGPvQnQAVNN-9bVr6bG7PjRRTt4kA8es--drFvt00IwjaxxNmRyU5SsDgh0OeCoL2lp9bD2FRRFoZuz1Q27Zv4A8MWP7
44,Budapest,Paris,EUR: 80,2024-01-11T10:05:00,2024-01-16T09:00:00,5,https://www.kiwi.com/deep?affilid=istvanpisti&currency=EUR&flightsId=0b770a7c4d15000003eb4f8b_0%7C1cb20b774d1a000034d93bac_0&from=BUD&lang=en&passengers=1&to=ORY&booking_token=GKG2dhr4-jsjGpfeaJcvsjKufr8f8xOadb2A8UhDdpA1f9sJWJntVbgFhDqnsGLYp_1VEE4SOo4emdDGzNh--U9JCiFZejOVsCGoJXpxp6IZf1SsiuoOyj4aUuExf9pVIn0lG9PSEWyGuIk8VrDvWbSMDHUS6jz00AvY_MAMmBfnpxEbGJo5ffj-b-T9fk6mXWXri-PZfRd04-Sxgdo3rqxTxpUoM9R7DBkg62BKDrPLqZm9WZzsOVPwOn-TyB84kbjHY5KEugxyd4KmUcaPftO9k9BbrHyzB19s-RbE41ACk04fERVUqmc4eA26sraVzsazzoyhKvAsfejBxnCkJa4wFzFeFjngQQMXt823vlBQmHtLr9NX0_mLudNufjXLcQsu15msXb8P1GQgSZHurlXZHl1-XepgPxN18_c-zAWuW8UoTOu3pRyJy1d29LXM2kgtMuU4whp2L65AwDGcKArMDmgl6zbnkSTAfoYnVvVCOq_mJDZk8aO0fcJXhuGMRJRxOEVYMGAcffk87gPnSMv_dFk6MZidR-WylgiXYfgo7XoZlly7guApXQX4u_eZ3
45,Budapest,Paris,EUR: 80,2024-02-15T10:05:00,2024-02-20T09:00:00,5,https://www.kiwi.com/deep?affilid=istvanpisti&currency=EUR&flightsId=0b770a7c4d3800002487bc30_0%7C1cb20b774d3d0000e9535bfd_0&from=BUD&lang=en&passengers=1&to=ORY&booking_token=GUc5MJ_gk8iRb9TVElOCUnwRA8Gj33DKnc1-mqcVF9A01tQSEeYQV6DoT5oGSTQf2dq-q_Ine12iK7JIrkIHiGmeHiN76m5NjjmhnJSgzimB5b3JXw3A-FvIksKzuDrKVZUiIjYUYlRC4TBkoJDfL1zc0beQigCJkPpbf66v5CYKWfIQcDV9SVg3YT_R0SSjVHDrR-IrvVl9KJxtAvCX5qxD1AEyP5fwrvxKjj1WuX-mJLSh5xD30cY41T-XhJj3GtzzYrwybxz-QhZ2xzQVXO1a_4oQZPvBlahHJK7AiOR-0gnrQjknQvp-j3T_DIstDEudmswm2ScQWGM2SeQN7g-yzFEJl4ub7Nh4pXEw-DQSiYgIwhCsGHj5vwFH_a3msix5IfBpWnWPi3kG7cu5ReHrAjzuIhCJsGS_JTKvYXnOsbfSxnlQ23DAwwqorEZisrTcHor0oXV2ZBA2JdGfH7g0jM3CDIRsBcZOAHLQHRi3Vw7QNdbyfrUQ2Z7hFby-QqJeFwdA_97PRx6K49dFteg4iR0aAbqXGjN1eMzemaH-w2ZR5UPahAY2LR1UgiPKS
46,Budapest,Paris,EUR: 80,2024-02-16T10:05:00,2024-02-21T17:35:00,5,https://www.kiwi.com/deep?affilid=istvanpisti&currency=EUR&flightsId=0b770a7c4d3900001b3a290c_0%7C1cb20b774d3e0000e8c54a05_0&from=BUD&lang=en&passengers=1&to=ORY&booking_token=GJQoxmSP2vv3EamisA600NYf5oHJvg6583jdI4IN4cihbaAVXSL-EHGQDPJgV5Q32CTtXFxeXWezBlPN43rGPtJGW-U62bDe54Vi6SvY3MZDTsCrYlZyDw9HH_m1xJX5LkUv8uqkJaFo9FZ_sUgt4fvG8JmGBkWaFexAfrrFIA6JimZIYuCAmgP1udzfcFJdszZ4e95boSNOH236ioYfW10HrWfwnAIq1W2e4ptRVfmamJb1aInzmMqJ1X5VCisLcLi74LcoxwQDHKHISvK3AXoHS3RBuz_EhRljoCj4toBmecdYNuzQ3Gxi6En3W8pZBopalRXW3FwAb8WOL_MrA5K1OKMkvbRfATZ7F7IRBGByxqhoG6244VxzK0GzkHgUy53AC2FH10kgAoGKErQJD0twxEZ0LZeae4RJTGN_uMIkWFz3f_K_L6cobe9j9ud_IVe6TWXvUoOa82nAW8JHZ5DQGgZKajYY6gt0Bo6Ts-KU7slKfy80bD4SbVasuZbNXFqu59SWtEZsKw95rDdnlGsLyKqj_TPk0laCi0P3dAU1GyZ_aGVTSJkVTQaWrn0Ox
47,Budapest,Paris,EUR: 80,2024-02-16T10:05:00,2024-02-21T13:05:00,5,https://www.kiwi.com/deep?affilid=istvanpisti&currency=EUR&flightsId=0b770a7c4d3900001b3a290c_0%7C0a7c0b774d3e00000b2ebc4f_0&from=BUD&lang=en&passengers=1&to=ORY&booking_token=G51LhwHJOfqrkLw89pQgjiKz2r63xqXQLRiHsiIBLm_bAcTafkOD7H2QmjmZX7GdIojnQx1UcW7EjiC7bNTssSbAPY3ZM1PSx1tkeSiF_XBwTnIKDklR-vEh5mvUVIe91kLs5dZDmrxlYdRp6Z4gDel3iQ87XCFAnfo7AjU1PqvYcaxiZA3Kfwc7js02-pkPsLkwktJjHXndPIcblM0zm0LYMkPDjn4W55wjOTgCzGFMVLx5EM9eZJzBzI2d_fImMhjLqgojS6nYTokIDccAhvBa8OFlB-S_l9ah5peCaAs656v6m4-zWaCjrxZQkdeeUTWFhDpsSOfDSYyetUD5hcoz3UqOEbbgv8MrpL_kdcNBRlyTf1GB311WlGJmZUZfPIsTtzd30Y_ox5l--48FtfLU71Dw9LicRGMVEynvHNQsvxy_6lrwxfJa67CAaHbJ7V7biwYC2BQEkc4mZR6iHo-9V79WhFSyEf0IqMGBmZ6nmhSiY_9Lkv-UVfmMHPinH9kVM6cKsNABc8I1GQRWhjEUEh4pkVryzI8Ld_70nr8AGwfB3SsFMktxckiUgS86A
48,Budapest,Paris,EUR: 81,2024-01-18T10:05:00,2024-01-23T09:00:00,5,https://www.kiwi.com/deep?affilid=istvanpisti&currency=EUR&flightsId=0b770a7c4d1c0000b410fb97_0%7C1cb20b774d2100001606fa88_0&from=BUD&lang=en&passengers=1&to=ORY&booking_token=G7AiuW-vtPkNDuMDFONIiUz1iEF7bnfjACVei5C5Nf4LZWrnQ5Ht8tIgxU16y9WY41fcDeDDtupEqiD3FviOJtDAETYf2FeCR7JI3zyGOWHt9fJXpMPLzNBPsLN7cz15Hufnnx4rk6hKeD1oHSy46YX2rCDyoG1mqiNUdL0jcFvz-B342iXf4m35AiKl17qHoMcBF6dvUmhDR-Xdw5E0MxTLuY0VorXOiCxiJw9zeNC9KBKYYEYuML1PXp6XSLI1vqoQ5KIdYZ2U9uZ6seTammVzqOWoR9zBbTwnxBEr4WJKQG8N2X-aRS5pZCGbQfguhwchOCF2QgXjlR43-S777NcC8zhKLr3aHIA7crv2kY0o_d0JW2ZAXHSzT1TRSiiFl8EhiVf61w2G_PEq4nt7PfyOsarx_vDCKoH0P-l2SuYKDoI6aYkRgby7eF1hsc8N2tCvoiSDScLxTTbkZgkfZbnyHxVsGgLVD0qK8B2FxfsMZ1tiumQfcH9a9lFZRpMVXETUrtpPVhjDP6DgzL93iJCo5228hUvRLeAjfND4_qStiOcwaiaskUo7_js5gZfndWi6kFiE0M-n49l9vzIgBpA==
49,Budapest,Paris,EUR: 81,2024-02-01T10:05:00,2024-02-06T09:00:00,5,https://www.kiwi.com/deep?affilid=istvanpisti&currency=EUR&flightsId=0b770a7c4d2a000086dcbe9d_0%7C1cb20b774d2f0000b6ea283a_0&from=BUD&lang=en&passengers=1&to=ORY&booking_token=GNqKLiRmsY6dFGxzgdv3vMAaDW9jtHlOLQtRgRrrEY4K9n-c1IfrxF3xxk2GsVbNrvj-1fA3vwGUOYQZOJY6y_s4O2NZNWEJHv4pKWwaK6cd5Tv8AM-vW5WzQFyeqhJuUqdaoJy65I7jt8ri4EOOIXEOZh4r9rht6yml5B54rvoRbPm80a9ZECmhgLOEDgFlRMlyd1oW9JFRo9PWTTaHxtSvZmPFVpDm1zEJmvSix3SsoO_mPtWGp-mGTD9NffS_4g5rkzx0S_FyEozUQHKUVAeOWhmpsmi1xy6_-MX9ZivpesAtOS5lh3lcmRueCzkqlIldZjSrIW-wVUKIrp7OLHiwxEpfUnWWCzP7wT8RQemGtBlfD1cEAbjoOeysqX-AVTEsdh-8awKQNJVcB2AhF8mMkaubQOT2G3kLZ3V1BS7FQpem1mdo_fFb8e57fPCXs9kc4eSuP81lO1Kr-f8Xl3cjGePZksLSGDs9vt69HU0L2LA-OZJ7tvql1jquism-GfiD4s-lpvJPY2jYDKxLjDhmEK2FuMzDCTUl6SQXPOzSdlJ4-ZhArir0MorsB_k3uKoX7ugzT1TvyNWe2BnJ4Xg==
50,Budapest,Paris,EUR: 81,2024-01-12T10:05:00,2024-01-17T13:05:00,5,https://www.kiwi.com/deep?affilid=istvanpisti&currency=EUR&flightsId=0b770a7c4d16000010a69a2c_0%7C0a7c0b774d1b0000eb988c3c_0&from=BUD&lang=en&passengers=1&to=ORY&booking_token=GaHwqEq6bkAwiBIOYo010FrPgDc80e08gsJf1rkeHHpWk3M6J_8jlAqQZs7G3J7OIp0ma35gjH-GtJgJ5tabw1BaGDrXuh8LmOUjOxhmXrm3ImF2fpy1OmTBSdOeiSg9QYxgKmjUIv7cPcRRN8EEBSazxbC_1rI3nsCoht2DusyBeKyshAYxvrYOADTzVUksRlLCnw-bnk-hDoAvWQ4UrblM14TwRSZbNliqfYXNrn4HnBCQ0y3NvdbmGOJwqa8jU6culS1k2fNAuIcUIa2Ri4rt0Zx8-wDeziI8UvMrrp51RffkXwbuWEYRwe9s0dyomWK8erYYg1iV8KIGThn8P77CoJm9v50Ku5WRCY8oNfSGp8DnkfoeNsKRoA7Bw2N-D1RlU72dym9MvzvUINmYDd7bPDauURqABksXPlghB72Ji1cFEP_iKuUk2n1S2fy9jKuAfNKgs1RRnpDaxwhtTeyIM5cDx_f5IA-UOFWxlwfbQLpQ4dVqGzpfg8WS5xdzoBAMaajPqUks8HarTb3nEXzEHJySw-jjoWUhxbkt9ZRLj5hK7qa1Ss-eL-P1XX2Zkv6EkxVJGJOCri6PaVfqyBUbv2pb8ePtIB5C8YGHCG_k=
51,Budapest,Paris,EUR: 81,2024-01-19T10:05:00,2024-01-24T13:05:00,5,https://www.kiwi.com/deep?affilid=istvanpisti&currency=EUR&flightsId=0b770a7c4d1d00001b96a95e_0%7C0a7c0b774d2200007077a65a_0&from=BUD&lang=en&passengers=1&to=ORY&booking_token=GpGVE8LwPgx0wSimPQEahnqBvM0bC1P0e8wzaHNV2M8ZRABF0EIVoMlMygj6-A8GPju27K1JJ8F2SwrFOgc2jDrnPyFHCOotQCX1P7myXFZH97vBgYoQ69JsG9e_g4xJmKnzJ84t66ZmU3iWyW-uqr5qiN2nRuRkF53j9JKDa_54QET0WqTB67ftOqk5hQgCnMcvONJnNic2r1lwx1B1bPFvnrkV9YCn7sKm2VxLfBRnUZ6AZ_6Il3rsn85833COkZnoTewTpjJPyOZK0TWMI8K13o22NdcnQt0ue1F1AL8y_YOaZzUG9XSzaAvL_oAY2zVtgtdlWt0sehiGj4zXdN9MVGAlhJL95oEpWftTJpRwTH56-X46qP5XrgOQX3E6CZY-7LasuX_YogyGkVAMGqSmXMyYVqqZlWYC5KA74gKXBOIjgVK0Q83l30_Q2Z6_wW0FWI6jwanTAaHP6QjLs5XMe6k4gXMYRmQXGxQ3pvV_MZb9dPDK7TE_D8wAhy-_P29Wig8fQEtHdeUSrD6xjWgeD3VmE4yDt7CKpoOwny2jtgiWa0SEXEaE1ZzI3DuHmtlYMPwTEmTz3HPe-jl-hbQy2MryZH7ZeHUDhwvAl4f4=
52,Budapest,Paris,EUR: 82,2023-12-09T07:15:00,2023-12-11T14:25:00,2,https://www.kiwi.com/deep?affilid=istvanpisti&currency=EUR&flightsId=0b771cb24cf40000e3a17d8d_0%7C1cb20b774cf60000ec43be6b_0&from=BUD&lang=en&passengers=1&to=BVA&booking_token=GQ_O6oP_FwR3aEuv86j1RNKRq4y23xJJ-a0FNImYyr68U8w4oVEp7e9m8zGRhSsFx_XzCRDK1XqFMmW65sAkuiHtYLVSaKiRz2mVFa25XOGJTFepz3c8xbwy4cu-FLXH-g4KJe9CSN715cyBeXjqCK2taV8Ncvobj2OsR3hK8J3CfEImDhB2G7GL1ol8yOlGMp9t-m6nZl84_g7Gz1sJo4cyEX2PhY94nxErMN8-UPThjkeqOC5j9f0mk9r0zQl_NTdqSBsCRW8uFq2O7NxmPiVTFeE8BHuAroAEmw0eO3f_YRr-5OcMH8E9b0OS1qwtiADWuTWjaEQFkjmCK_o9TTJroAUQI51LcZadppcMD8bnrVJ8jPeIp9hBBn0wol6SCyaCXTralq3Jtc7s8Yr-QMw9w4tximH1jkkMsqnHjTPqatyd4ff-IHo7QwraBEFrZEHp0xc12sAAcefrTutoGYY6mBMBcok9pgAVZCRPO4OgMmDGrasuGbdlWLUhCP5gfZ9n8MJjXgW_jqzKobTGjQY0iQ0svfic8bTeV_oPSvIak4p2iYtwIxF-nAKBlZgyV
53,Budapest,Paris,EUR: 83,2023-12-13T14:50:00,2023-12-18T14:25:00,5,https://www.kiwi.com/deep?affilid=istvanpisti&currency=EUR&flightsId=0b771cb24cf80000c8a2d20e_0%7C1cb20b774cfd000051f1b192_0&from=BUD&lang=en&passengers=1&to=BVA&booking_token=GEJS-x9_QJPuMq7mK-kBqv0qHVWvH04yMi4fg06S0B6fHc6dN-s4cPkAgMAAHOd2sOFtmEGlZ8urxqCi6uJOpj5DAtHP7p9ZqQlahJxjDKuOjHa1d3xPMKxR5fvvii8_Ybp4wLMUVucjOTcSPYXruqrZjq1jYA6aCTvLQTXTSQQWahfBLysM___JCs8qdiSTbsUQNmxD99EEFFBVAhheN0yoVE4YhBInKS1p2mHCcn1LteaBIE-y8ZN8C46Klajyqwj5yEYdRJMVT875XlLuJfHUc8vEUJrWLHPu70XnepeB5hVS9xbqCg8Q1SAsgzUfWzefED017I8vpkQozutPslz4MEEi8xKb1ypFpcbP2lPdQJNSx8LgqNC9yZmU5NP83Vvx8sYaZO95HiAkVzGHdL-oruInp3u8mhS2nTOojkma5Y1B6MYs3qHKb_DluBni1XAkwmaMWUMv2wkNK9Bv9UnoeR34B39rMPM899PJS1hc2KBNz1gd46iCSwJ9oSEsgi5irTtNNsDjiEOAtUwLMChRuliggQDnsz69buA-5uEM=
54,Budapest,Paris,EUR: 83,2023-12-07T05:55:00,2023-12-11T14:25:00,4,https://www.kiwi.com/deep?affilid=istvanpisti&currency=EUR&flightsId=0b771cb24cf20000dae1bbb8_0%7C1cb20b774cf60000ec43be6b_0&from=BUD&lang=en&passengers=1&to=BVA&booking_token=Goo2_K2z-sydnnNQjhFbMqzDj6sNTetuxNeUdcuHCaqad2hJsDHyBdZgs_3n1-HgdrM3PsahRxHtJb8q3csZLKPyomIN12n1uKkmHopiPI-SMi0G8zkXeVnra8i4Mmq8XqBEWebxWwvqwlDWhF5MDzZKAxy9WY8vGmOFSPCOhhCeUr3su6phhddxtL9X7mczeZdtja63gJn_TCzVYYDStSaqtuYb2uk3TYWUiPd-nOS7e74hHpEG5MJDhIB7HxY5Ts90w9MogMiJY0vk_JqgJuPjzo7jUx02D821hcgwEFZv28iF8A4RYbWXN4R1fI1aGRqlM4QXSshgvlq2VVmyNhIX3kOvH0d9x3PCw2LpG89iFhRU-sxFBt3teiPXTo0JBHMCIrbS6mogZ3aEgXje2Ors-xROuvSQs4JgZh7btMwiY6HZM8_vsG3wPD4WbBj0zYo66vU9t4rKQSYGQ0QV3Mk9S1C3rpy43h-cz79LQ76zyOUubIydinmx23RukYBD_WrRdRhvperRndDLqC0f9B0tJeu2gR1p-ffs6MYKfbbp8tkuWWTyV7jXt91Z9r_3R9-4AXuUzm1h3svC7RiErEg==
55,Budapest,Paris,EUR: 83,2023-12-16T15:40:00,2023-12-18T14:25:00,2,https://www.kiwi.com/deep?affilid=istvanpisti&currency=EUR&flightsId=0b771cb24cfb00007f0db503_0%7C1cb20b774cfd000051f1b192_0&from=BUD&lang=en&passengers=1&to=BVA&booking_token=G40D-fwlf3zrfgSEmR4_3LxI67fFFur0p6AanTRtTqTZHpCbPdbxRafknVs4guM13n15t_vCSG3eYD6_4M9BiO1tFH5IX1o7I3wNhTmIO01hopTzMyOfRWKdXDRkv0yizqphlpCs1kzv508ObFSyDRTdG_ct2YbkfH-0fCUMwPiyTPpsv57M-JC8W3IDYgFkiXmtCxpL4q3TlHQpBYYqisS9qKaYEf8UDKVucC9wiajRGXPWsqkogTuuI5OjOyXvoNYCz_ebllPAKPlpbF_JbsZTbcOEawV-gbnhVmmRQct164zP88u1DlOrFa4HIYsg2gcJP7Pu0tm4rBE0YuFjzB867PNibsPO5Hr4YJstDmrvB965Th3K48eAEwKQpjOTyjzJO1j1YRdPEyr5gxv8CUkHuKtWlnSSSk-bVgUm9meLzWTI7YDLGo9q6pbiJ_3W5o2O1I1Pk3WhRy6Bj0PVv3mJVhtThC4jGRKF56t13Y4piWX95qH-EoK5OCfII2bkuMtV5F9L7KmchAqS2WOeoalKR_nxBYoi6RQ-CHHGbk2w=
56,Budapest,Paris,EUR: 83,2023-12-09T07:15:00,2023-12-12T09:00:00,3,https://www.kiwi.com/deep?affilid=istvanpisti&currency=EUR&flightsId=0b771cb24cf40000e3a17d8d_0%7C1cb20b774cf70000334693f9_0&from=BUD&lang=en&passengers=1&to=BVA&booking_token=GGrcGS8_4Soi1yqa-pV75I8dcZe5vU7fW2OAHdcDdtFA-cfpiN0jaWnvtuG0ONkYSpklrRoUVknhLouFzK4pZ_hxau8xl8r0aQ4_ujV1wh8HAImjMo5qSLjueIbLyIPR2J4LHaF8aRHQIapLvR1DgifNA3ouli5AET0_2C1OkOgp3lJ5io9gL7P8tc7tUtyIuMd4wiZimLpkhoGngB_7yP4PMgUAy3986VqhGPEbhhBuUmbBwRE2c1oMRnRwFUD6a0kA5hu_BsWJKT6Y-Fig3YmGIdj5X2kmKWsygBd9N1FSEjZ76A0qAcMhBmMY8G-Zhh3EBM4AnLDNAIlkSZkcJuiiJDwC5p_5OVMt_RfTLDW8GL0XTmK1nw7N62AmokxCossQZrKnEBCQXQ7gnveRkl8XKVhCgPlGp-pVzxcFfDXk-ErV-EVYpImZLTLUZNQarBXHFExifh_uBSdgISvNqHpSikyPN4x8yKqGWIHBeF2Tqh1GdMIoBwcE1AY3Ekftrfr_EuaxRf5c3Kr6dVO_ZnujKiLkwdOkxiP_wMn-5MDM=
57,Budapest,Paris,EUR: 83,2024-01-26T10:05:00,2024-01-30T09:00:00,4,https://www.kiwi.com/deep?affilid=istvanpisti&currency=EUR&flightsId=0b770a7c4d240000502944e4_0%7C1cb20b774d280000c28b40aa_0&from=BUD&lang=en&passengers=1&to=ORY&booking_token=GqvzhYvu7_er0Kj2TKz2Zg8usVWpqAN3kioKWaNmvv6TdLQ5Skgde_OhQDo14DzqaFjlfAkL58uy2vcwjZYVEk_EY5ilGqp0Gfkkt09cyJnuQ_4D6ruN0JbRgxJMmMrtp5VNll_J-8nxbt7Rj6HpaUTVPy5Rm8ID6nSu7Q4Y45dbWmXvONUeL1lvSv-elxDIJa6toLVRyfvgLkSx1EoiUEQJ0WbVGXNQa8ltilUnjsp9Aio8t8VRmmT9c83NvTuZjBBmXSzGEe4vHAvwMTmtdyPVD4qfEcdRbPHNROGcaNn-QBquOIqrafAkDRlPujo6oO1KYuLTJ-QDbG90dyjj6iEPY6j8h30tCPZrM1oRrj07zbC8DQvoAZGLjzTefnHYeEsBrhfkteyP-zHaCXI-f-WTE91ri0ynjagtnyFf3lOcMRZmKReuWPs_KRJfropqI2N_EyUGVEr1RABYU29KePGT0kHAWGqRTU7yopMjXzuMkoa-PsqtR9i5oRXoBuM0IGR8dDXAmMVju9a8mQFIknP09mDS8Z_yTpZoxCOoyzZKfezzrb4RosaURCqxk1ntM
58,Budapest,Paris,EUR: 84,2023-12-15T17:55:00,2023-12-19T21:50:00,4,https://www.kiwi.com/deep?affilid=istvanpisti&currency=EUR&flightsId=0b771cb24cfa000042a61613_0%7C1cb20b774cfe00008a37ec2e_0&from=BUD&lang=en&passengers=1&to=BVA&booking_token=GuFCztT7xwLgPMgJG0OrDlzVa8TBdW7GGpNJzzXR7dhELoMgTPDvcwdaGYF1TnccqrdSd-_xLpIlvnerBf3KMXoc4pfeYlUUlqO90sQzrLXW-C1P4Hh0WeI6MSYoceOp0iYF2PxuHo6PzR1oSJ8Nw2NVvgVeU9q8SYxwCCPNoZoGPrnWdv2vsAw_pXZXSKIlWAo-s-6TfOU7xaX7XiEahKoSJ9MN0bfek04RfC0jThn8CqFpnzKiXFRi33VtY8KgVBWaIPwicHHY7daJvKG1BXnsdY4xD-gxqC6Pp3snqpRMXxkPORqRA7gsJGQilVbxOyOzh9eWUT-XgQhxUFgX_eS6thE5QQjXGjwxzQrZvE6jpp9sT3b2V3W9HVWB7BP4KlvdymG-CEMH61RehCrNOI5O_n-tdCOyem6wQUbGqUAVAYRsgmDKPRM--RZdfQbiYj7tkYnfFgehu01TKc_buqBbxJlMg0C0F9Ego6w9yVEuX3ho251P-dK4XqGNkU3gnwGsHVaXEPWeN32QBNeeA6SNSd_73OGDYFdmOywKBFKdCKbP86ZTi_cMFVRBw92mnosmB6HgEmAZxmDkwPB2n4g==
59,Budapest,Paris,EUR: 84,2023-12-16T07:15:00,2023-12-19T21:50:00,3,https://www.kiwi.com/deep?affilid=istvanpisti&currency=EUR&flightsId=0b771cb24cfb0000851dfd77_0%7C1cb20b774cfe00008a37ec2e_0&from=BUD&lang=en&passengers=1&to=BVA&booking_token=GKKR4LlvWWFQIxBMMHRbjV8Au6S0hOZrL0w_c6RP0AkMdBTyzyX_z9VvDVIzotO4U-WK0NOxLv-yXMC5fealhpFy0GPewDti7IO6-Zl4ZuZ-gzAEuzVS8G1ZZnHRcFWVJ0TXI3XbhUI56GzQeJbRRxSBN-ohIEzmsJ8V0YBJF084A-8ypU6ZOVK-Dd055qPoWLoCCn4lKe3-ugakutE9TpbPMckJLANwiXyzY6yEFxhI55J1gkBp767-FrQ7NNJxR_sAUc1hgMJiJ3j6Od0Tcq6wTZ8GgR03pR0Z26nEvm9IwF17xaPR-gzJE7HX8WV47Uj8OIUHaKv9pY0iiwfIW3C39IHcO_UYhURB_Ux10zZOMkjdzxi3MVProbUMuyDfPUdEJlhLfbJVL8yEVh0xeWzH9JKT1OMgmizgiqb1zeDony3u_9q62U_Af_uGvI5x2zPHF8lr59psSddNYfANUXcdKoUnfb8Fj3iCqPs56YVK_QMix9EYnxqy6vxRuCHn7faUqET0V6JSh1apL8I25M3Ix-8y6k5kLL_sfVYyxRFthZcCgKnV50ti6lbnrlYth
60,Budapest,Paris,EUR: 84,2023-12-07T05:55:00,2023-12-12T09:00:00,5,https://www.kiwi.com/deep?affilid=istvanpisti&currency=EUR&flightsId=0b771cb24cf20000dae1bbb8_0%7C1cb20b774cf70000334693f9_0&from=BUD&lang=en&passengers=1&to=BVA&booking_token=G4HSzAogBjxraphxfADwv2dvS5loTBXiRktFdjcqoKuDUDP3jt2nTlqe7HQyH5SnGgMQSAV89wVrtoA98SKIAmv9Lc8GbOMnMGzOy-LGg3PBF9174uzXpt_aj81Ztj-yw5DRqSPMy1O9_jekM9BPTeC5tln-mqNxaeLVR9h07imkm4cOZPQDdfq6qkrRM-okuQ-TB32ezfMi7F1lIixPAkxpMqeWmhhqiMwcnSdU7qRsc7GNzLtUWt5TZjrKgk64nqP5aP_nS0FxoHqa8eq3-pwyCQqlePIHsvlOGG9Fl9KEsCQOxN9KE67LMYnuqO9LZPtgowl3bE1BDE1noQt_g1EXhcReXrfhibL11XaoQnJHP7J6TtLjVttBCg_HogHXj5pqwKl6p6W3U8cSCqSGaJTqocNV21aqwU7NR850dzP52Ev17hyG9vb_3JRZ7Wp5YBO0Tvtqiw7GGRt6TO2FC9_lvIBXKy6T1nibQ2dEdbuqx5Wlx3pqweFu-mQXdWN4QzEaR03V27Sq436l7u6vBZGyo9SSZcjv_VnI8EgIt6F7kRp57l47yJc4ChmrR3eUz2uscIgZoCyr9teGJ_agzcY_TqoXoTKdvLMXgWI-YQkA=
61,Budapest,Paris,EUR: 84,2024-02-28T10:05:00,2024-03-04T14:25:00,5,https://www.kiwi.com/deep?affilid=istvanpisti&currency=EUR&flightsId=0b770a7c4d450000852e6f46_0%7C1cb20b774d4a0000c4589255_0&from=BUD&lang=en&passengers=1&to=ORY&booking_token=GnA1zB1-9SVPY8DahGI935yCJoYwxZ7LMNDOmUA6S74tYXzKnGG0E6mfhB9nC4nyFbaWT_O2WOGlWYzC_GDQO84fTPT22mRlPT7nm-OmqMrLV-ZGk8gcusZX0RZbbU0Xm6zuhMf4-yB2KJUrF8X2djSGt1-nuf_-N_BmPkaKb5Les0w6HaRd6UO5GeLqSKabmxSXPRBiMVBzFU_wN2LYrmrpj6dnljAxKIgqt2S_fppdizfbrDDYbTb-iTBZS2meje1YSy_9sxKlkOrhBES1AHCct2TCHcH6ILM0zCDxsDz6IitFN60ROD-J4AoAt5YLlpIiHgfDjrIO7g7Q90WVmQSafqfGWPGO9Fywhze7EUpsGnsvGwqAnjpvy4UQiuqK1iwBzKyIALfR23YuSsBkSiwUmLrH8add5Ik2Lvx-oeNsGO4w8yL08QHcc17XGm8Vck5N6YILkwsatg0oBDnV95euzUeuOSsTygq_JpYmTItnlaTGpx2ye8rH2nSDjiLg2ZsZ8XAo6AUjM550i4zxreYOEjvOhtn-4aTK8MW-FcF2cwHrfUXLlZryUWW5GDulqfyETm0HYzst-2R_wx2g5-A==
62,Budapest,Paris,EUR: 85,2023-12-13T14:50:00,2023-12-17T09:10:00,4,https://www.kiwi.com/deep?affilid=istvanpisti&currency=EUR&flightsId=0b771cb24cf80000c8a2d20e_0%7C1cb20b774cfc000031ace219_0&from=BUD&lang=en&passengers=1&to=BVA&booking_token=Gf7a_SzcVoCtki0_X5okGGXZWYK_csPUqB4qhfNEL6iqccKKPioB1Yec2FLUTfUNodMvgYif80cf40KAXggq4Xl0Ms4svNn_Q6VtuzfUhmsSuyhvLrTqi83BNnFgmGQSFl7oNVCeP7azTtibTeZWEWN53zXJU4mxVaUyJazyYjwGgCvTos9OaSOWndQieljpXi8AQsxZ78jCOgPWlZ3VDvVtRjmx5Mv43zl7mAPw9mfauMuUyW41Z9ZMcVCiQvAYf-hYqa4M_1uD17kpBhcTh_GFMVbf3l-urYhGquUp9fO0_IR61XkwYr5C5zBy3856q5stHioIfqOGTIMPevies9jEsMil0zDH7A6yYBjQl5JdL1DieArBB-90mth1zzC9x_1FblJMmLAx-hSheaa_fAeYwyJ7l7f_La9kwCN0RF1qcsnNYllE5fd_PZvhjGUQkoMctZU9X3jI9v7-K0HiIhzPau_jOR1Rm72RGX3S8fI98xQ5Zh7jl7SQQFX8p8AffT4dlLcTRSRCc2jj5mSAhYu9qBKN_rEiVIKUX5KaIruA=
63,Budapest,Paris,EUR: 86,2023-12-06T14:50:00,2023-12-11T14:25:00,5,https://www.kiwi.com/deep?affilid=istvanpisti&currency=EUR&flightsId=0b771cb24cf10000ea3bc544_0%7C1cb20b774cf60000ec43be6b_0&from=BUD&lang=en&passengers=1&to=BVA&booking_token=Gk2kGXqQSy4zsqzWghams_G-imq7JWkK14fSO74MAdP6KanVRmR2ty3yOn2LW17ipPfDArUC82gWW34pCg3JN9Jds9R2DksDwM53TQSg0lqpWVvAxOTQjkiEzyrzjv5KKRRJrfSmAs6ahQiHa_FSsEMPwOjIlYqxj1fktuUnI73ltMjmh06kaeA0JnTmb9HPUCT2HUcaikFBzoYTTL0H8q3qvctAtpmBV7O04ZlXpg9AQJOjlENYOeudzqIHkUW_2y-Zo2cWMT7wRReYYOQhZCAdH-zBiVuhpN1PVv0z--SfxIYzZC6IzRHFpzMCB9Kht6TiV2G11wYS50Qx6vivDGHgBCQc1noTH5eNPLax9fjmjIgYFdew7F79sOjql_7s2xzZ54pE1tUtNw2RWI3c_y8t3Kh5qzSmVebK0YRU82F8UNP3AZeOtUPm1pL7JSFdHZ0BWx7jppOsfSirEi_BlCG2y3mb2xuT9bazyJyFqqf0iRQZxugN-ljCmuEoNRZ22_Yw0_1SkJNozdoajxD8MefqcO3X4RNtvrDRBEPN81KTYHdgxV7K3dKKKu0tGL1rx
64,Budapest,Paris,EUR: 87,2023-12-16T07:15:00,2023-12-18T14:25:00,2,https://www.kiwi.com/deep?affilid=istvanpisti&currency=EUR&flightsId=0b771cb24cfb0000851dfd77_0%7C1cb20b774cfd000051f1b192_0&from=BUD&lang=en&passengers=1&to=BVA&booking_token=GLtuL4bN9A702NAQMsZI0_EyiLC46K_uGm22shu7CcPm-wrDQPdDKjsgW5FfhS--X2uY7Nglz016LqB99zx553PGZb0Le6gBy8ZPWr6_Cvz8cpvd-XFhuqLGWWFxTjs2UmDCW8f3XbfDAFPf0pMSGhRvdpa0btu1vOyhj8cO788pPfrxa3_7FCg1J6aQ_qjRKPVpNP680GG5KFmyykUh8vVVlVn48U1SQggfx1PyhsyfZnX8vc7mgthlo5vZ4X_O4h-ufwh25CsGw17gkvMG5sOIoflNfdC-7xtcjRxgGrCL4RIEgUUkeXoT88ipavwDnzMHB07XDt-_igJ3mVLsn51BgiPBLPvsVz2Hl1ROjmCeqWP0_joyFMo39xDyaMZIXWqKdLRUt2QAcPS9yYzOAzMGpSLa1uXzrw0hJnLQj6cBisPjzEs9LcX1JycVR5UaeAw3t2YMsZlhP7OEkn1IVBiTiAgwPPLduF8wLgn4FGqeHA1uON81-OCPxbgUQAseGowMED7MNWaRA_twCDrb95j7sRguwwBGN5nEkue_janx8Di82G13Dwc4xvD6uEO6R
65,Budapest,Paris,EUR: 88,2023-12-15T17:55:00,2023-12-18T14:25:00,3,https://www.kiwi.com/deep?affilid=istvanpisti&currency=EUR&flightsId=0b771cb24cfa000042a61613_0%7C1cb20b774cfd000051f1b192_0&from=BUD&lang=en&passengers=1&to=BVA&booking_token=GY4alfZc-x6__-GEzSxE20HXZZqfHHFdadCphVnpZ5oIfZ1eGakMo0XiBSuLJQh9qa8re-S9hpO_4dMySaCeGRcnKIm3uiYticl9fFGC8FpPgsnoy8t3xz4mVcz6WKoMWYJYIKHE10cj4OXUWxSmDINjsXuXh7FXforveqvf7remyNHKBHtXx8fwkcDR3OSQ7kN53h1qDG_svPtnKbnyphVapdf0QWjl_nheNu_GPEjr2dCnA_R28yNF6Ndl9m_zg4XxRUdQxlKj7bGdJMMzFAa5kGT3hkZo4_Fq5zkWLTlUO3r8ZnU9e-hYdQq6vmK8aMiOf7BkbTYeidRMLW8Dp8VQHi0BrsFy7OTsE9lpLiBxKH4kz5ZV0M1QotlBrMzVdSBP0B9ucZJW3Bg5rGkC9QS9BvHBFsl8SswYFIb0keSd9U2R2Duxs2sRndG6e0zw1TWxhB1tlZZKGkafTn9GVVVtu33i0B-7JsOZu4qDaZxGmm1oZsYOLdMrh8q7xb5_SzFx3-0ehQ2l1zz3cBxdpwbQS9Giwu2_lFXb-M-Wk1mQB882eNMHJ1DkaLXZouUlV
66,Budapest,Paris,EUR: 88,2023-12-10T06:25:00,2023-12-12T09:00:00,2,https://www.kiwi.com/deep?affilid=istvanpisti&currency=EUR&flightsId=0b771cb24cf50000cbb6e58e_0%7C1cb20b774cf70000334693f9_0&from=BUD&lang=en&passengers=1&to=BVA&booking_token=G47Q14vr-OU5qx5PzaXuZ5N2reAxmENU_ShTWzwV10IqeVvLdbrquBSRIHW6c4yLasGlGwB7BInJWoCqfbbFILDdQ8_N1KSALNyzcfvDBpXW2MtAFo2PzPcS0xGMxviSm6C8vXdMuYbOu1-cdpcZiemwX1gCU7hwsby0eChvm9WHfaKcE2QTiFpx6r2mLt9HJf3yjnwK7IDTsOlXB45L3dow7sstye7MyUHXWIL-F6LgbBH7L4TH747-0qz1YLd5kIdMiv-pgcpwnFtfZTKQHwXGzKqZq8b-2ci8DWfU1k5uTFiEC6b7vZd24QlHyRkd-nMakDVXA9s5EKnad--fD3DVI4DHQWytbyOHrX_9SuGjelaZ47_gn7O6nGQldmIm9qlv-kk1SVxZuUMrupY9YO73rH4FAV1WufBdKnsK3UHzIQm0k8xdhl9HXq3eMny74LgBMIjb90fo5t-desSlyT56LAY7WT4Kv4-vpD76t4u5_r1a4H4l_LgED8huEEbLS73FwkYy-TWflJbk8_u2NwUv5U7HMcrfIrB06B5oKEys=
67,Budapest,Paris,EUR: 88,2024-01-12T10:05:00,2024-01-16T09:00:00,4,https://www.kiwi.com/deep?affilid=istvanpisti&currency=EUR&flightsId=0b770a7c4d16000010a69a2c_0%7C1cb20b774d1a000034d93bac_0&from=BUD&lang=en&passengers=1&to=ORY&booking_token=G-qpHIyIklJZVMG8uY4gt1QXjoiZI8kL9LU6ttPWzcFm-5TKDmlNtoBX6fWmH8b6hMGqKPnabAVzeg-Hl-PIfBSaYH1iSqoWlsjSnRmh4tF69uJ05k4JGwmh-Z4J89q7NRWw0g91ncBi5-Xwni2ozDs8Rj1VeF2P4rk0SOxRABl79WIxIg9Iq7UwjsOqQokl2CVLLveufFmHCRGuwIArcSI-km6vmGOty6XChLtkLVyvlofaoq1kG86w0-T2kECrvCkHiDowgI2Yf0nvuphikmP4eW5e5QUp5DE89M50W6CxLC-XlkUkjibc1FFtM4N70g0DSjaFMCDj68aAouRAjHnyraMUIZMbVrUA0DVkhDcxfhGYiC2t-ZZ-HNRO0ST_P2oWEQUaK6SVViJxJulS6CpAXOYQ8iR0LvRpym9GSJpX6gNEbt2RDl5uHbCxqt0o3ngIG_0ayqO3hpqTCMbaAlmVhgkG9AqxmLCWA5orpOuTK03xO8h-ZGpJwhfE6kjuPWBrzXxVFF7jkdYdfNE_ASQsN7DD9RViFWs8JzdHZGW6mphydE5gZYO4VNITK72Ov5LolV-xg5s3mRGHaxLDM-A==
68,Budapest,Paris,EUR: 88,2024-01-12T10:05:00,2024-01-17T17:35:00,5,https://www.kiwi.com/deep?affilid=istvanpisti&currency=EUR&flightsId=0b770a7c4d16000010a69a2c_0%7C1cb20b774d1b000008737a76_0&from=BUD&lang=en&passengers=1&to=ORY&booking_token=GDCbDfrxlDayewM71zLGF1PpZhkdgZPkToUR3ugnKEKXFY1MsMoc2NqR0v6QJ81IpLmEEtyF7Pbc9_VvvkFyyQe9dLQUOZ6ltErW1WMWkbMyCkhOfDrvpZ3ymdkQvFNw9i2FIYC2XjXJ4htQ1_pTb5Snas4c5CxGF52N9sXkNBq9SIfr47gfghL3w03Lp5glRlaKbWronOaxqF4OWsDcjK3FJnwNjaS27oE_RSme3DII8_pH_Xi5fzrgP8oqFR_-_cPpHOTizmAEOj63cncHvWsq9QnYRwIUm1jHHW07WXfdWd9ipJnjLpUikKcphrEaoRvXxmap-AXTOPNO_gL_970nQhFpO2P7lDLFLdFxSMdaMp3UCUj2lzNnV_A4fvXThnca0lpUqW2hQ7zMThzHrkG6iCvcQzAxz-XsAvU1DM7CtQ5nrWlTZByxCIbIWgcFaCYx5KXwtJzD7SsxMYjd9czx-uAUN_3gbGz_uiDB8EwbuJARTCn16S6QwPMHaY1dPXjGPOmA2c3e7Rx6yQC17XM40Tptwyag5mX50ZTaafGjsnRnIeoxWXaiycytJjAwWUq2U-mqWxzSkER1KF7DYZQ==
69,Budapest,Paris,EUR: 88,2024-02-16T10:05:00,2024-02-20T09:00:00,4,https://www.kiwi.com/deep?affilid=istvanpisti&currency=EUR&flightsId=0b770a7c4d3900001b3a290c_0%7C1cb20b774d3d0000e9535bfd_0&from=BUD&lang=en&passengers=1&to=ORY&booking_token=GtrOFylnDxY1xTFlHI89P5pk21hjcfha4jTyxLKND9zCiRAcxDlMdTrZYU4WPt7QIreOHTHSz8_l13U4LRPSXr7Q3OJ23zDB4mzOqWYTLXfm2x-qpKX8atVgGGkZx8vBXEcjoGVL0konjNiKK2ztbo_Hk3OBLyrUZyT2Fw_Dz0Y2Ix-6th44G-gCwlwHHYNM6h7Ko5cueoUsyPCMAq05S0-AP52rFmXqYI9MSxJSrUeDfxSEVNHt6AMA6_RFUBomqn6UPyzNVEw-ymiT3-gSslKlqq8Wl5asw8G3voXabph83eiP7pd2lUuSf372osSsQZtsDA4Ahrc8-ujG6oMohkBEt0tQ06cwBdP3AfnuDqO98wEfbzUHdJczPAJ-I7qBwf8DldoFnP7Y-Mk7KoG5cEkYKKY2rqjWeMaxEx2fZQsRs30j08Z0b2kNNPGxgGuxA_fQyTXZJ7wzVKVQqBXVOIoR7RU7_gRrr7d8ivZUNLo96rI_m8_0Bjq_9kA1IY97AFFJ-d_UoOY-7gHisbBOjugaLOSGXbWsh4WtE1Ae4ieIcZENW36lE3MSEQlyBt6yiMSnC2nDk0XYBy-Z6WI9LNA==
70,Budapest,Paris,EUR: 89,2023-12-07T05:55:00,2023-12-09T10:00:00,2,https://www.kiwi.com/deep?affilid=istvanpisti&currency=EUR&flightsId=0b771cb24cf20000dae1bbb8_0%7C1cb20b774cf40000bcc2bf29_0&from=BUD&lang=en&passengers=1&to=BVA&booking_token=GjdvDSuj7tUQto9tHbF8_pGffuczUWeLiDluWa8ZEEQ_EvLHdIWnKQyWTBhTuHqtCclJXNwj8gGXt8TjTAYRGJKDqJZr2uU84yY5ixx-5oP2VMyY4MahaITaTaG5FR194SQjGffY6oQwq3ZtFAsEMf-MR3Jkl46b4Hsb-CmbMycVjWVsJCEDpVYS7lIdDGUVkyo6e7AsD-mv77tHZ8C1ARw45To_31hS1MDBLaLlYCq6vpPEZiHJSaaXyeFxQpyaTqt73CdHgjCvv_tt4qFAyHSn58Ajri6W33A_9lA4QIuMw1ojVDwKwkt_VfY2rrluPNteGDDzmqMjYCrOfvfWd4lZfKNPLdcy2Tw5RuXpoJiVU-S0NjZO8wl-PByVPXfl1muLtjAusipIeK7-4-75DGN1xu9amdDwz2nbps8s6tBTvyUaVyjwKti7onKrXY4UsIBWIt0FDpSP2lqUVtxNAAnfJ_0NTUq4WvQyh45zbtzC1KGpI6RmDkYLJnrhQmzxk5okRN0AdSy99NkzY_9ZBPxxWuQ2MmqXYD23WiCaxQ0s5JTXYPbYsKJA9o2pYVTKZKdAxau0h8N1RDSTwY9nIhGeEpeCuF0MmOK4PjrTEOAE=
71,Budapest,Paris,EUR: 89,2024-01-19T10:05:00,2024-01-24T17:35:00,5,https://www.kiwi.com/deep?affilid=istvanpisti&currency=EUR&flightsId=0b770a7c4d1d00001b96a95e_0%7C1cb20b774d220000939c5010_0&from=BUD&lang=en&passengers=1&to=ORY&booking_token=GvQWYAleMbzpwCUz5LQpeJpFI0ZhvMyHpKNy9FLWRazWdK2SL5lj2-iS6gZ3aspOf1-gEFFH6h2XF8FydM2nkCNbcI7ONKPN_-ocFRp9MIw0GTYbABcOgpahLPY-uDHdF25TYbcOhdBx3K4_105nSLNJhEOarLqYhltvOWOSxnB6AkEJ4nmxtyE5KN3kFsXAEk2wcBkm5Pe8ayKvMcouce9fDO9_ZSRiYTMQ6tt80F9M-pJHiGM1wKp1USVvPO-lrqopZAJBKityLX4RzB3XyX9k1TJP3njIY5nwiMtdTmzBcKkhHCk4N0ZFThi7oXZtt4pFi7gPONUyBrGRN-PZadnUAVlRV5QZEYxCfBWpb7dyMZArlj8ZkzgkHYPb2T7pEgblreQaj6oRtiPO9c9V-bwJfV0hmThtypxqbTHG0CrVrAkyruCHPFU_9AKX_MM2mzMtxBvAkxgtCF4YBJlEwCWOAte4zAiYESOBRts3nmV-074ikO-elKfduLAWZ9wwn3bI65rA1MZgf18h2B4af0OfkZdNLkCqL9dnjADGUl8gp-0wpPBR_BNL6dW3pPlu_
72,Budapest,Paris,EUR: 90,2023-12-05T06:15:00,2023-12-09T10:00:00,4,https://www.kiwi.com/deep?affilid=istvanpisti&currency=EUR&flightsId=0b771cb24cf000009c421eff_0%7C1cb20b774cf40000bcc2bf29_0&from=BUD&lang=en&passengers=1&to=BVA&booking_token=GYoYNeJGB-HJ6pEdu-zsj4drHWu6GxpQCK8ckroCBLzErcy28E5D8K0ysj3ocpovJgL21w25ndsia7ngCcDVyyC7k-gTEVlxEmSLzBe_cc180b48ub4keJOoyElFr8yOUIF71MUawjNPdPY_37QSKaqPxqe7VsJjpJg7uH7wEZPFF-WMdJLzgBXtQY5v-GFwJyu5TS4F7u6uXLcs6go_rnghBOeksFz8RnxJrLCLasDW-JhRE2MfwpYFZ2lNNi0H5cwvCECH9TH7MSxwCTdHGUkr62GEAmHC8jfPjyP7PbABD5gvfcSHEiVtN4zctSKd9JwZ_qWUfscN6C23CW2Z_lXddKMXyZ1AcbtGRi1GUq76PWrnGqdlUmcZTKStJqAr09v0GaSaUppEDubnOse2YXBvcwLmJw6kqg4h1vApK5cggVySgNdoinqbcSDeK-YOpKeaNHxVhIV_yI4xsRavoZOmoccgUMPCYZHczhKA8VZX9Yi9PjOnqsHvXfLosiII1djlxdAg2ygpCuZCuLKBgTZ5ps5vSAcMi-T-6v7K9UQEalQ2Uv5zzViWywxFC8NPxQU8jsoU_5RodOYPNOZJMuQ==
73,Budapest,Paris,EUR: 90,2023-12-15T17:55:00,2023-12-17T09:10:00,2,https://www.kiwi.com/deep?affilid=istvanpisti&currency=EUR&flightsId=0b771cb24cfa000042a61613_0%7C1cb20b774cfc000031ace219_0&from=BUD&lang=en&passengers=1&to=BVA&booking_token=GC6i4DMQl2FqNa2wyRuYaRUMGyXludnMswVRBZQ-iynZzaAR7uXUyA63wOTyYH7yLXB5hnWTSTOtSj0-mQEiNfm_rDzXM6nbeZk4_wiw7inbICEDrdiBQ7KCQdcaO1RvJNApFalJ-tGvz6QBLI8b2OZFB4PZ26ZknV1MAWHfeWy4oNxODZNnMWqvxYNXnE5Mlplu4Ia36o6uz5g98ZXg0vNwLXG97y_YvyV46QWZlTcTulFlz8-Qj9JJfUc2YzPxve-bKwN_oQR4zBPNg9Y7wk6NhOC8_1cooU6Fk6nD-Vj200G4Pnpw7XbBS-jmG4xEKllSHCidJuzG-h9hxwDCsGHfPLEkza1RFH5WCkqZqafzRQguePc4Hhpc6mwkr60sg5DRTtn-ucKwgvhLZHdWP8h70MxSUamXoymnk-KsqDhNX2rOwtZFz2kS9jdB0lBTiVOJ33JxnrsO-v81HgfeMj3IQYbQap6UFCy7ESyWDTwVaK9J9M1EB4sDcJmrs7-JmdOiPiMtHKwlwubOf1zJqUxnnLRU-VQLeV3iVPkY-tjEReY7_2hI6m4kLZIpSxRvh
74,Budapest,Paris,EUR: 91,2023-12-12T06:15:00,2023-12-14T08:45:00,2,https://www.kiwi.com/deep?affilid=istvanpisti&currency=EUR&flightsId=0b771cb24cf700006c25515d_0%7C1cb20b774cf900001f761027_0&from=BUD&lang=en&passengers=1&to=BVA&booking_token=GNR-ZPOZQL3b2Z-1Bnttu8Qmg9gUN2SAjd93MtH1BuJa1ow-ehyAmsyhWfU-1aLi3bdf5y8j5noN1E_j-TrezlzefdX3WknH9JtjcZ7UHNQ2BnVJ2fR7Qrzmv0LFFejCkPqLR-Z8LeMpZxQVOY8J7D6z3EO78uaLVFn_swc7RduXD-8WuIIece29NooQxUw1Wab7wKlEAOfRN7Xfcf-_E9kBGpJ6bK-eRTJw8UgC1E7SDZV8eegTT6RZBz2DTmz2u1cxTBtK9qQqUlQ-kQ_C5uqRRfZwcgP3WbsW5gn8_CGV2NWQpuatilIWH5hsR2nqbmjfFRkH6TO0z8M_G2A6LSlkK-Uil1nD4O2e1uFmKDokGIud-HD8SpjsBLdbhs-bHqoSSxU6WUcSW0chThRJ2mHEcTkwrP4VSI3iZeWt0R9yybaT3s0vNmhM6UVXlIrR0trZQ3Z9Orwnmc5ohVa14NN4OUXpoFSopw9-HPP9Lyvf5esMujrwoHXSG3L_eCJGYXwsyFOx0H3SoVYOrD92myD9eeThiAY4R8S5qhREZWeR--MKh0ghqXZMU5DoOdqQp
75,Budapest,Paris,EUR: 92,2023-12-02T07:15:00,2023-12-06T17:35:00,4,https://www.kiwi.com/deep?affilid=istvanpisti&currency=EUR&flightsId=0b771cb24ced0000dd5fc540_0%7C1cb20b774cf10000b55807e0_0&from=BUD&lang=en&passengers=1&to=BVA&booking_token=G91hRohUPKvQUmkV7DgL-8PCwwMmewazNPKrj2KPdcRjiVWPh_U-VkZ2WN3KIXRM4w3Dl55Di2MxE62KNYONT8JITYrgw5I9FhKcziR4r65wdZt02rMlVzuUaNyA8h7l1ay2ShvM0iOSGa5I18udIKAhsDZl07qiRPX4riys-rkOJaUZXVNEHhJ7a9ZA8sIQeym3oGsrl2AKv5ayu01UVPb8MuxeO7L-Aq3XkQUiNJpxkSLLqUxB95NpUj9gMOTfCCDWw2n1bgt3toBTxVHridLFp-at-dIQA9HxcMC6x5-JL2AjrDRsACENxyOQhEZgnPX6TeHatozNGxbIqB6SBcDcdrT1c9xoDlUa38ARljH1XcnYDf4w25Yi6664udxfoRI1y729K3O9RE_6sA3OCIE-vt0hN7vBWeS8NMHr5Iaow2kK-X-HG1a9_WUaY9BFSUvuQ3If72ldfQNt-TMTq7Qd2I9vJ2gb7_8sFyRZVJrWJ5hoXmsmByq9dcd6Q5t5bnRjuAHV5fhBw05VATA3ps1YBx3RvO_G75gWs_vV3PXtEeu2U6rL9PlsILc-MQwON
76,Budapest,Paris,EUR: 92,2023-12-12T06:15:00,2023-12-16T18:25:00,4,https://www.kiwi.com/deep?affilid=istvanpisti&currency=EUR&flightsId=0b771cb24cf700006c25515d_0%7C1cb20b774cfb0000d016e3d3_0&from=BUD&lang=en&passengers=1&to=BVA&booking_token=GSDlaWcBh5lM9D3PgLumOAn-mewi1LT-i2wxKcUxTD__vfGHCHL3IfsnBcMw1s2p2YlWNHxP4pFlhbx8_GYZWqSPascRF4QRqIqYTd5JobZGLWVudw6gsaiZkIRZlr7b7kTVoHz_XprH3NooL_M3Z2OnHiH6G_TOTQ_fMJENrEGhhQvhXRjGEvoNO6fKPoeaX5Jf8lLR5Vp003m2iAWMVITqARqwyP5dF-bTrYJ7IP_zXp9WnkrJowlVAXoF5E8Lzg2JHPPplHrEUwh6SmuKdIBkq_hioJ_cNzgI89Vv7ZAFgCHWfjEwO8dWGnK7iFrbRbNbRdMxYV0Q7ajmYrZDktJIjNMB6dHdMvdoUXzxOt3Na5fUCBtfsPRLMIW8SIHR1MmJTeZDpcRfowRv9XptMn-gvgJpvToR3vs4M6KeutQskLTIGqF4jDnHqFvm1tudqv-9e130zJNqdzLdEUSFBM3UlMveSY6ukPhz8HXj_BclB6PkqGANp_aVVKu7oDPWPOPirLZ7PrKS1DycLH25gD61Vvr_9bNqHxpBT9whp4Fg=
77,Budapest,Paris,EUR: 93,2023-12-09T07:15:00,2023-12-13T13:05:00,4,https://www.kiwi.com/deep?affilid=istvanpisti&currency=EUR&flightsId=0b771cb24cf40000e3a17d8d_0%7C0a7c0b774cf80000742ae6e0_0&from=BUD&lang=en&passengers=1&to=BVA&booking_token=GWHCXGfKDEhHxL1x6OSVOKQ4Wqk_tpWuDxapswRq5CZH7cHOzlkdYllD8-yD87N-jnNEOt2BB9m69qNcVzjGDif3Cqpwc2MjMbhg1zdd7jBLQSd6OwTJaA-iFmQ8vnLDQqRt1OtSLkBym6aB-fHldp7ot1mkihnM_ft2ZCl1zpuTQSumA2jbp_L1UqIl6VEM9q-UrCztlfJrede0NW6dyhGXI42KPIigBRW4xFwYfb4J6ol6pIcV2uBA8dYImFjQg9y3_I3Bf7m6kfZOgg45x6THuQyU8wMRfZeRaEr-MOF1796ZEQycwr2168JG_KU3cWdusxsvMgbMWBdvBzpwLwT7c0V01u8_k2676JaSEOejzdXvcAfkIudmpw36cqrUNaEaCwYueM_dwKLa5xEHCkryASQVZTriwJ1s6fVjWcCE1Z4MroPUlAij2pNHk3vzfsPW1B4IvQpDcluHtr_XazurdOnaYaWSScvy-3Xq5rT0L2jbzEuskLT8Nu1-whM8jr2fnVKigAsZt-uDINcbK9nWnApi4rtXQW0fbzOFNoOEPY3En7bZ0q4pNa5pthLE8
78,Budapest,Paris,EUR: 93,2023-12-05T06:15:00,2023-12-07T08:45:00,2,https://www.kiwi.com/deep?affilid=istvanpisti&currency=EUR&flightsId=0b771cb24cf000009c421eff_0%7C1cb20b774cf200008582791c_0&from=BUD&lang=en&passengers=1&to=BVA&booking_token=GJco7WtvbUniMbs4MvFWpp4PuM5TlLoHBKoSzA3nbRcY0MAOI908bL1ofoQuinvpnFJ-Fz0HEnKbr9u0m_NgQDVfVMEwKprWh4vTZufCGT6d6w6tPUB_bGYy-lSCFS7fM7DpQtU8G6pOvRwI8UI_x8wYOmgb3creZL_rRx3HnGAOV2xit3XFywx3z5euGZEQm5wYjsp8Va_xMIn5cucPi_ffS-2AGF5jld4y9uC_6zZ_-pwfvZ5PB5Qo9kCp0b6m2Rp0QMFmjSRpP8V3kXnkycgvQECozxlF41thHMPM7Dmww_syA-U-fhJFIFaURnEv5V7t19Vh0Dy3JTWKYSZpz9FX6qVUfbQp0rvFIVE-4DVN4KZ9JM8NLH3hspmJ4EGCBtgFs5HrsMlq5Pd5PgwSQ0gtSJjv42Oy2tvcwFtixOn9vMtA8wq_KBuaQVf0ccpJSS7Yk5OWZ3KNLfaojzlTkeL8iwzgzDwMDqdvLxCXZijht5VDf4rDj8idQxznMo37QdK6AS1sBXGIYrf-v01N5YyFrq91nmmwsY0aqYbUWdkyU1AGg7mTfub6kiovFC_k8S6Nt5AEB1kYa3IVGHu4T7g==
79,Budapest,Paris,EUR: 93,2024-01-11T05:55:00,2024-01-13T10:00:00,2,https://www.kiwi.com/deep?affilid=istvanpisti&currency=EUR&flightsId=0b771cb24d150000da6f0e21_0%7C1cb20b774d17000047ef989e_0&from=BUD&lang=en&passengers=1&to=BVA&booking_token=GJjyZOjhC2S9peLucaayQsANajbrtM9FPaRE-xPvX6od3U51PO_-1PyjRBC9rC-WLcs_8_FJ5fs693p2e9jQpAAhvK7odsOTLfk9QGZJtI7MkJrHK8Jxormj0OQFu7Z6nL0iP9DZ4gU7d8c0I5EjMHi7EOW8sf9alMPya0rTnGavj9nXSjxLWEJu0pRjloGTYNDnle5iqETZFsOuddYsdTCgOYgQU2inmehXGba1Ygn9z-G2r-gDUx6e7BY8o4qtD_UYbahF1BMhM7iypTW_kdv2ke1MVNkAXpLSpRADf7273PPfBtdZJlTp086qnR9o_14Q8JmC8g8NMa5rP243TPiNEv9HsqFF8NKbKsXD5X875741ng1xzms6tJyeY1-F2Jl5Kwlnqhq-_srKel44qR7gHhSxIBLx8Cx4GOwRiqNxactEp--zu9KQGjJ8EuNV5y6tXwPoLpP-H_1qs4wl8AJcSl2kOGoiHmCoUJAD-IOLT6WEiyzzGsAy8nalwl3ag9cCiTFk17uUTCptAvjys4nAUenlK1Ba42gloW4ohuI84dKeya16hxDg2W6nN8SV6
80,Budapest,Paris,EUR: 93,2023-12-06T14:50:00,2023-12-09T10:00:00,3,https://www.kiwi.com/deep?affilid=istvanpisti&currency=EUR&flightsId=0b771cb24cf10000ea3bc544_0%7C1cb20b774cf40000bcc2bf29_0&from=BUD&lang=en&passengers=1&to=BVA&booking_token=G2iBN2yZVI1d5ZxVYlkslepXo4642Y9PMFC-P_E2Nozra8EIkZ3aqHaAaM_ZSV9TWA3ns51TEUPgwsww2A1mimu4stEp0XI1fJPwiM997ETBKInjoaUjQVbfRrcJuzeozX5fkF6an-d4o0I_ID0vcJuOLPRs1HQ8jnyJvSzC5_d3NaE2GAQId0VaCDf1JdZw3WMn2hl3r-TlclD7bTqTXt6AWH78nmUX0GM80BiHXjiAWkMErW13orOsk67Kp3TITTYEHJ3w-gYCzWqBGX_UAn-CBQ2yEg712Q4_-eYGQ6OeFNBYtejg5CdZsd7cfwMyuRXY1rf0EXOgBBGodihfRol-6y8esSSBFstdc2f3Hvret0dRQ7vxjpT0XjZAcbbStN9BlK9URnrXKDFs-jX16ncHCqyhvNSQNIIieiDXvT5ds1bn44sYy2d0U2GpRkHQAqx9BfJqhNDfxzpSL1ZVlkJR29U7iQ8H9v1_tJgyF5lGzFDD6v0p2I6Ifxt6YcFXPAoYmYiMh2AC8l2_FH5gsg9IoIl7VhmjzBRmklwGzm1JaOwsu6KJ3wdJ8ABfJEq7z
81,Budapest,Paris,EUR: 101,2023-12-14T05:55:00,2023-12-19T21:50:00,5,https://www.kiwi.com/deep?affilid=istvanpisti&currency=EUR&flightsId=0b771cb24cf900004015d283_0%7C1cb20b774cfe00008a37ec2e_0&from=BUD&lang=en&passengers=1&to=BVA&booking_token=GL3wzPGsXxlmI8hptWul-wQRJphdheRvdb0L5z9vGAECb9uEp2UXgwBc6vYyTgHZI7yeKN3koZl17iG0h-bf1BJjMTk0j9c71IACfMvzfdheNR0Yvn35Dbro6EqNLlWvAHja10Svo4z6SP7pIC99GGprY3qC4x1c4Q92LI5SoMkV6zei0rlA158TmorwPKVecNd51SnbCHpa_K1dUFgkZ5G9euChDChpmzfP_LoPpMUu4UZ4AoDZtioxkDxNCP6H4m1iPSawkNQkWCUmyUoh2bxcUWVbQuB0VKex42cIXXR09kjjL9LgmBV7t6y_K2eiZCZUBqd4WRzefOKzGCjHpVIUpLa56xfG_Fxozc70mBhQRfJT2Mag4r0TIW0vlwnWHRfRgwgeIRhlUqVlBflohHdT6ozTAsNG2-d9XMkcJDt8IVIqtcl5CI9HYyfNXdeRefx_lVtor-AxQNH3GDoASF8Axdo0FSRKGADdHdx5Y5-Gnyt_6a_f5bMSmPGWcePfQGrZYGG0eXWlDRwskuE7d2tbvjUTdXG39-AQJGNs1ZhVksVPx3HTjiuIH43JFZApJ
82,Budapest,Paris,EUR: 163,2024-03-01T16:45:00,2024-03-01T20:25:00,3,https://www.kiwi.com/deep?affilid=istvanpisti&currency=EUR&flightsId=0b7725c34d474d4aa5134122_0%7C0b7725c34d474d4aa5134122_1%7C0b7725c34d474d4aa5134122_2%7C0b7725c34d474d4aa5134122_3&from=BUD&lang=en&passengers=1&to=CDG&booking_token=GM8YlOBUfqweIXmws2tBwojwvfq0jzPudZIhbqq3j4W5rSOllHG6szHLAjmttnhlJofH2kfJovGlJA7Ps6XYPyU2SYSa46fPJe4OOqKgltnYAM5rQSQobiNWv09tc3piQj4kDjyXyObdhISxrSSr9LxIVH7e1JAfbFzD1IN042WyGGQ5-BXoEy8InnhiQvFUT6vSRTo45ZfzjRgdAepXzHK6BqpJKjcm6ADmxL8jP8IHNkfRw_wAblWmXXG4c4oKxbop-FOHSAxa89CM3uUtx7-g8dQd6VjU886cmT3s7l-sryqIDA9Ac8L7foKf47GHCoWz6aePrBpUawni5voLS3oW44t3BIbXbSgPa8Pds9ebN5-CqTfA30oeYCOqvwPimYIBdFFrUq0Bx3_MR9zuJK2szHSUtA_SSp2_jVuB_92a3QbQ6RVc1AC8KxKeBy17KXjaF7DbhhJbOKBPx9kCOu4Pg-td-Rsqvh5dOg6F3m6jMoZiqygx3GXN3gSNdiEmHfciN6jK0Ln4cPs7AisMR7gy4EdbQNOrN8a0957s6VzY=
83,Budapest,Paris,EUR: 163,2024-01-11T11:05:00,2024-01-11T17:25:00,4,https://www.kiwi.com/deep?affilid=istvanpisti&currency=EUR&flightsId=0b7707bb4d150000905c7bb4_0%7C07bb25c34d154d19e80699a5_0%7C07bb25c34d154d19e80699a5_1%7C07bb0b774d1900008a8c1c73_0&from=BUD&lang=en&passengers=1&to=CDG&booking_token=G5pXM4nacYsjmqsRovdQ57m4qio1nkeQwIMwfimhYhSigDdrF3bxJj3dIi-bqCprILLlDy6smJMATdXElIqe3Z4TRZtoVLO6Cz7MmG0XWFXp_RKUYKN2DGFi2IC-jBNu4BlbAOx7UwhcrUpqehfxvICA2mviCpHnb9C4MxZaUjlmWVLaPZdyIvc0_68pvfAf2Hq4ScBwf_54LbdxZAE-3FdxsuAkgLQ_PqSwN5wJF9jGUxPjZMf0JVtQiY0FLvFJs0dMUL-aRh4p29RIDLPofAvpekSHou_1N8dwO68-tLQbt-_1D9YO94qsBwZeOQBWiR309fFXD5686yroQHTj9epxjcpaVmUMh-1pZU7Fn3-wUWSl19vrlF4vHe6KkXX9Aq9VJvFxN-dHudT_FWRdxDl-ZqjNj2x41TXxVLvF44F1zA6jJV0qNQwEWz3v-qJXn7cIVzZzpLdzaHtCLxE8vSLwtboLb9AWeKbHsgDHxlN6IHoXSSkSx95m9ofi7R0kDn4_kfWaNaHw8OGGjzE8GXvRGV40SVW3T3-EnmnznB8QIxsQ3Ds-EqEOAJutLLylB8vZ899cDFK-ZXHOshRF3OwDpvch6Lj_54D-iy956oUcm3rA1YF-f-Lrhs7s8u0WyO5z17asxKLnRvtcO80Akeg4VPmC4BavJXc69OOab6eCn1CPVbF024DpQZMAY1d_W
84,Budapest,Paris,EUR: 164,2024-02-18T14:55:00,2024-02-18T17:35:00,3,https://www.kiwi.com/deep?affilid=istvanpisti&currency=EUR&flightsId=0b7725c34d3b4d3e72b80db9_0%7C0b7725c34d3b4d3e72b80db9_1%7C0b7725c34d3b4d3e72b80db9_2%7C0b7725c34d3b4d3e72b80db9_3&from=BUD&lang=en&passengers=1&to=CDG&booking_token=G0Uk1fPghz5Bo0wvOCNAU_0ivKuxPT_ViZ1f99HAytVLAZggrUU0aF8xCtJz5s3zpe8inR2-LYpNiEcxrrVtS63VPLk0nWr0XIcDd_-RJN3ue_piejBmvk6aFk9YJ3TONin6B5qDER1Ajo8IhZ2vxwW1VG9DI10scjzR1RUifA4pJuypRDZ3YqaaZ2GyR-VEMD0i9t7kQDH1lOHxL6LYtpGCn_mylRxXasQyoqlWeAdYqr8KBRXNikvctjH4KVKOAwc3RvL37K4B1unsdcwndXLPWNZ527iUifmZlB2yDNnEykD6nMY-uER3-nFkf7JJkZNEy_M7-JNHL7ZSNrzNihxkatJ5zYHAgA8krh3irMa5Q2CSC8Q6pE2DkseAt0IJMzHxNDJ_nOPJSIyHbw_jJFPk44dVnKVN1D0HdH33q5RySC2ffBZaYALTCkW4ojUYlBc5AtEiRIESARc_DMv1t-Gj22Ng91UAHjcWLAWclZi8a8DfEGMZb7r9-g9zCcqp7nDZVwlqLi31kQi36fqdDL6AAJprpT3Wx6J0zlr6L3g0=
85,Budapest,Paris,EUR: 164,2024-02-10T14:55:00,2024-02-10T17:35:00,3,https://www.kiwi.com/deep?affilid=istvanpisti&currency=EUR&flightsId=0b7725c34d334d36a56c3e33_0%7C0b7725c34d334d36a56c3e33_1%7C0b7725c34d334d36a56c3e33_2%7C0b7725c34d334d36a56c3e33_3&from=BUD&lang=en&passengers=1&to=CDG&booking_token=GXcYQLH1uGK6-7hWZcdk6krggYM9fweo7uOJw78edKOh37zNjuvsk7mM4wRyziK8jeaDrXnLNvCv7HIuXMsWgIzcBHAbXKLuLxjfk16bwylaYWa0uovYt89et9AO6Jexb_c2dvimanyFkxPuMXIPi-68jtTuhniPJqsrxmsXbWvmTjNXsfTqKpKDWVrwTbcF6Yqt2RuAf22IOeX7-HKGzB-yLYV6wWrm7AaSkzkAcKtskroZXFoQJPgPukMRyPdow-lNkwpBgWaXKjHSXFsED20BY1A9443wuVwvQisju6QNnxY3gWOZ0AhFJTN6KTDhOY79L7AgBqRjNPJpWtIysWKmlT9w6UNSCSn55dPcJfmAgP4dSjibCi2sx6-LYLxG_O-bZmfiDNlB_89C1JdMZ6GuxVjweXKO7IjH7dCa8Amb3qEKB6YAN2oc1id5cqTq95lbScdwRccdwIrshZe5cT3mwK1njgb6pIY8IHl3ebuqJJ3m9gId1VVLOkCmzyVPMFQNIx-zs5RCKP841dfB4FiZyGIRx0y39QJk16tBzp6A=
86,Budapest,Paris,EUR: 164,2024-02-04T14:55:00,2024-02-04T17:35:00,4,https://www.kiwi.com/deep?affilid=istvanpisti&currency=EUR&flightsId=0b7725c34d2d4d31cefabfb5_0%7C0b7725c34d2d4d31cefabfb5_1%7C0b7725c34d2d4d31cefabfb5_2%7C0b7725c34d2d4d31cefabfb5_3&from=BUD&lang=en&passengers=1&to=CDG&booking_token=GR3Ngzay87Lr5X7LQ3RDCWjPjooGYIEdLm7iWHmxLCFBfh_4sOSTRrBByfedE6bZWvBQSuYDl5D8hUGrY_oNn_CcUM9ZiS2pbKnw2svbrfRsJUGyJkuk4L6VzYR5_7doDsfZVy9nXi3fC5comN74HyW5ktkQ5bVlo_Et9kKGFeuHbEFYh6qBLOmpBjF7_A19qJ2CT-vfUp065tQKAnVk7JxnbMSmRMOCRL46fm3PJKLbBKYPUzbp_oGzGcUjo1Bdf-WilI7GwkE7sC1aiCVjiVI_XCD8bJM6kDmctzSDLTaq2zuF85We330I8zaFFy94H4FcJ1-qTSwvQ1YaB1dRvwc81VvnBUzzAtrJeLSwStXGlb45db-JcsFvuIR0BAsuL4OlqYdIpNMwBsehmusKTQ21S_247Fh0LUHbGQ6nfFAYlo5vM5EPk1E_0Z7IHEJyxdpd2Z4eM3NPk42q5vHZA83jGepZpioVFjqP4YZRteZDxcUsLKgsSPlqKOKCcUKdztrBBkM_dbNAGq5rx4UZLp1NEwSNk6YbtK_BpfmicGAk=
87,Budapest,Paris,EUR: 164,2024-02-21T14:40:00,2024-02-21T17:25:00,5,https://www.kiwi.com/deep?affilid=istvanpisti&currency=EUR&flightsId=0b7725c34d3e4d43cb92f0aa_0%7C0b7725c34d3e4d43cb92f0aa_1%7C0b7725c34d3e4d43cb92f0aa_2%7C0b7725c34d3e4d43cb92f0aa_3&from=BUD&lang=en&passengers=1&to=CDG&booking_token=GVw8ZjYQbyPybeqBVQdzHmkIUTvw1WC1mynxmItWo_XFiEX4Hlpby2PCY--2c7zLSWrfGyH9kqJE7HIXnmsdY7eGzRbXDpN2IyIhxsalgg8VLse_j6rO-AVPZEvxmOCahOw2dCNMxycj9Xb11Z1Xk6OQBJ_kFAj5GMEiGEX9uVg04zCBhMNhsTdhsjSadgdRTAStZr0ZVL8gGaM38xiBMo1SUUTsz9JrZeQbJ5h58HvovVva2i39uIAU7XOeGOoAQis0CKlHq9f3G85TK87jktpIBRhD-XG0ybRgxlFNFU1Euroc6QA6zX7Pqmuop917KB-14p49qUAIQl9xK4vBKDgv05FtNW9bfCShiolBSj2xtoSxTyvXQ_iyO5fybBfnVLa48Uypqm1MGo3CoA9_A5NjGA-8jLKuTT7rRxUieG55GqeQ8w-TY67UBPGZaH4y0KmnG3tXpR5wJwVBhyvHGwVO2Nrh8lHfcSL9_jPkxh03wmi62sjj26MVjDAWAoukQFeCE__mqQsAwrJ7D4EIA7A==
88,Budapest,Paris,EUR: 166,2024-02-27T05:50:00,2024-02-27T16:30:00,2,https://www.kiwi.com/deep?affilid=istvanpisti&currency=EUR&flightsId=0b770a224d4400006fa4a2d2_0%7C0a220a7c4d444d468d725a29_0%7C0a220a7c4d444d468d725a29_1%7C0a220b774d460000d2b21bac_0&from=BUD&lang=en&passengers=1&to=ORY&booking_token=GSY_c8l5TBNNSYQQxpkfalgwEzBNpjCnG5uMSphTKuRE5tTuSaisgUwdFxxbbXOpO2NVKI5p8TwnSn-xGDOLEFa1l5xHvv6y0XGwqalfNYsq_hsrs8jh4GU0iyktrPJDHK6MEwNXoQRYr_EmTWSv6PX2vbdLJ0-GlBzToIEvrrBuhA0ztc06cpSswC_SmCw2u6BRZQVr4ckVu66vHNJbiqzVz9sskt2uElpNjwrx2H3zaw0hEw7GbjFA74hjq13L0zcn1EGv2m0wAfkJs4sTNiZ14A6VSQ1Ecv-DWYZPQURo1SyI_iSIVB9cvriW-XAt8SaChgYMrp8XbM271Fz0jJXdsp0KgXB4ab20nKsF3dvxk67SopfRI3hKFkkEzdSoeD919-vEzOcttdf_uqwVUnkZnQ0dXJb-twqoJckIiBcVnHj0vbbU15f4QqhMjdhR96nxOnJq4CKtA-Yn6Nd0uUlKVbf5GxysRPo26cU0c-KR1nhYtA-maTW7u0sHN3bHDDivyAiozwi0iXcSPwbAKjxd-V887wbrOj7vr_hQDJsIIRJl6e-jWs3kPPmC2DPdAXHWIz_msa710ldSqGTRfa-3d8zoumHRk3ok8ERjbuKeTgIW2rKPQ28yzhz7NLCcYs1rmOAKJlFrJh4HgsdvhwHQVOioqBr5V-pXjL1D5rnphwwqL2hGIVRSf9CZ7MHQo
89,Budapest,Paris,EUR: 188,2024-01-26T21:20:00,2024-01-27T09:55:00,2,https://www.kiwi.com/deep?affilid=istvanpisti&currency=EUR&flightsId=0b770a224d240000caacd1da_0%7C0a2225c34d254d2791f4fb97_0%7C0a2225c34d254d2791f4fb97_1%7C0a220b774d270000b6e125e5_0&from=BUD&lang=en&passengers=1&to=CDG&booking_token=GgsKR4lL0ZVgRnEUje0SiFwW7HBiaDautiOpdR43ZUD5L6iDqPXyWePSVFDc-2l7P7JpeAVcSCSeoL_Mk-zIRXFFSEc3MhQmzwsAKQEJlfrA1o2LNZWyTPYfUpErrJNM-FewTM1-xbpfIG4cMOX1d4t4X8PMmCPdoQFfRyyyU9GmL-fT6AwdaXUNCTWtFTjck8OViQrCbrou8xl8cco7W6jW79edEwiSvisJ87q4TsdZj0J53FHaMKbL5wggQ1a65NVYD8cqNJlzdvUWZn00aG5mRIkoSyDPgrzcvJLmiMcEA4jOgq2duB0Ru33K8OXI-Yk6Yjnttmx9FY1CzDHDpRjCaxWZ__TfDWdisbkPAol-Ko-vg99zOL7_bFY6iRFRPLOsF7pBLDq0NoDmOykR8No7DG24UqyIoRlWwh-bLC8BHV-Nk2vOlWKFhJWR9oBvUzR8kpg6p2qVR6kiUq8oylcPzS9ECIi9H8r81u0hKVDHIOIMWzEqqzCB-LOSDwD3O7HKEwjxuRH-s7cfj9eOOvbTRG08_vWXO0RAtAErlnUyPnjI09-jZ2suX_bpj5e2vDr1Jwh8fIPjDrB1bf1DkuxUtrBdX--8qQVQ-6dBfGSrRL9IyEBhMpaQGvwemPrynDX0Zd5Zyyq8O27tPKtJHjUBgsjj8zihX-630o9W085k=
90,Budapest,Paris,EUR: 199,2023-12-04T07:50:00,2023-12-04T17:05:00,2,https://www.kiwi.com/deep?affilid=istvanpisti&currency=EUR&flightsId=0b7725c34cef0000cd730ac8_0%7C0b7725c34cef0000cd730ac8_1%7C25c30b774cf10000e2cfdbc6_0%7C25c30b774cf10000e2cfdbc6_1&from=BUD&lang=en&passengers=1&to=CDG&booking_token=GUDUsNMMBXC9Fo83cHfVXxuHisxONBAHMY78YFhbu52GUXweaxAYOH1oxI17QuzIIFYx0uXK2mRgXVznH9WVNkh0IpmSKA0pyv5QwNu5liXAVdBoc-go7hahMIXzSljutQsENoQneWXaa1byheTmWFsZ2rTZbIFwAkXwUOxsR7XxGQqhKASWzlMHdb3lK8XS7J8uzw4Vuti8KBTBRPeN0G6lTv3YFAX44y6NtChSjy5Ei__atJ2K6E7bOMlcb6UrA9Ue0T-AgzSg0lMRvh1oK2j_a0qow1SNW8hJLtpbvpQwvirrnDzBz1C0J8xMTWV7UqLuN7nN3t-DdJwlmOebWfDIMzY5O7sR0HSNm3btQ71y-BaUa3zU8RLe1XTp39xE6l49h_qQLk1UCE87hdciJZ8nTaqsjTX5NcWgGtv3hoLH53TW4a3DIj2oIRzEAic-1pMHN8OlzmwgAf-8D79OFzw1t7z1RuD-egAYXpmxgWPjUXoIYk2YuNQshWMKxlUTrp-Lu8vnabQhk6JvoOrwUzR0KIZsoirsSWEwKnXKvGg8lW4K2MmMqprXq6ElqxpihQ75Paiz3lZ9lnB8KDfcpislRsry7l571ROzoMEkjZbQ=
91,Budapest,Paris,EUR: 222,2023-12-14T11:15:00,2023-12-14T12:45:00,3,https://www.kiwi.com/deep?affilid=istvanpisti&currency=EUR&flightsId=0b7725c34cf94cfc7fd592fd_0%7C0b7725c34cf94cfc7fd592fd_1%7C0b7725c34cf94cfc7fd592fd_2%7C0b7725c34cf94cfc7fd592fd_3&from=BUD&lang=en&passengers=1&to=CDG&booking_token=GIqr6ySihfKaex696fV0EK921C0dGTg6fFfTunjXdQ0kjBGJHWiEwZ3oQr_ozbBXDeibgkJQ9oiQlGKPLIbQQtXR5A8vkV_zcaGWdZk4v74M_P-ZR0h_8ACtCSnqu2t_DbRo1Om6nGowGG9nPhZM-An2HbBDGL24dbf7R1PQuAlhY_1Nuz0ekvTvkDAHnWJ-4gC05mWBTT-AehSdBDRvrwtnfa_VaG9zPSIeXWB0iRHcOA6P4ckJLF7hhVATojSW7HZgtw54K81kPSfS5FrpXMjBposxfDmg4m6n_2s0UW_yhfIgQVPWo4w7SQH-ak867pYYyt5IJuCFLL5NKc1zLuzyRFda1ZZXaMd936OMP9vWDf4dmLLoOWH0i6RS08QScD5VyIyz9hLElxVwCq-ESeI-58Oat8y-wN1QEgnsuB20vLLb2onlbHM7UJwJL1nZukw5XeNDoW-iChhFFzJDK8bNVTEcKqnipQNszzHXZbCeqWHQ4oZY4XqDYald8I-KpyFrjoP3IbJu_qwe4Pbq67w==
92,Budapest,Paris,EUR: 224,2024-01-18T14:40:00,2024-01-18T17:25:00,2,https://www.kiwi.com/deep?affilid=istvanpisti&currency=EUR&flightsId=0b7725c34d1c4d1e6273543d_0%7C0b7725c34d1c4d1e6273543d_1%7C0b7725c34d1c4d1e6273543d_2%7C0b7725c34d1c4d1e6273543d_3&from=BUD&lang=en&passengers=1&to=CDG&booking_token=GG2pyNaizPFlh-bAvHrznM_dQGcNcI2QUG-ghvG-7yg-yZ6HIl1qeMV9TvUV5Xl6JeYq2tP0C7__KvPGeKIuW7yPtjV-YQv5LEw4olDNncZdWzZATGIT1eCRZTwh5Z0_B9ZnO2P0eM_w_jL4kq43qkBE-qCmjseCqe51vmB4RGBJWAqwmbRnqyzTRtJGYT0HTMgxBPepTKcayyF2CA4D-w_VHaScwFgSb_vK9Vz8aQuwmo3n3QT6CtrbUR4QA-V4dJtmxgKDcUGQnGCfMXqqc51bWVeyqKJaq0ZmuG9vOFN7MyusOINyHoOFVpWUsNOTHQCdB5CBR8mkqvrg-8cES4n3sUaNQMjKFi1ROxBoRuPakpAibhSla_mYU-TLm97C1sSnIRdnUvkYFHb3LaUUGf9b9ytxCW5TzRQfl1v08tjjaq1KEUfwu9LfZMotGGTQ-SL64WvreELWhUjcNcn_L-bG_5exybiFLNmXCyoRMKakxYkYlUtgJcSV0omY_P4R7trreRblVhP44Aam0Mzjl7PxXlFrMZp1b3faWzpjo7wI=
93,Budapest,Paris,EUR: 224,2024-01-11T14:40:00,2024-01-11T17:25:00,5,https://www.kiwi.com/deep?affilid=istvanpisti&currency=EUR&flightsId=0b7725c34d154d1abca40723_0%7C0b7725c34d154d1abca40723_1%7C0b7725c34d154d1abca40723_2%7C0b7725c34d154d1abca40723_3&from=BUD&lang=en&passengers=1&to=CDG&booking_token=GknkEEnQFJ0nBQZoq_dEBIlPD4tV7tq0qY_A2-LxSgJoCyrShgD9XeNlUCchzxeKCDLT-vyrH6no-j7V0XmF4PmEnxUJo9Ar8yaFNI4o0FWCzvkh-osa-6dQDFGTQzX_YtgPtzUnqdX6enpVV0IBUAfeP2QGpY-g4f_FciDS-TBZMmA4TUetxIvKp_h3-gyPNrdk9QSSOyh2ch_qkf0oGYRRwwpyUcTkNGmCQAJruhZt564ayG881S8Y8b1RDwfkRO1UKLIMdNxfvTD3nb3WUUGRFs43jISU3Ga1xOuZvj-Tthh7Locqyw3Dj3m8wtt-mWgV6bKAv_jCS-mmYz9SVrw6RlBS7uA3cV3A_3v-QGArnjnQ3T3UrP7A_i49Dh1cgJrxkoFENZh449NX4tL-tH9l9wX2JYkCNULZCoHjpc1sKi26W1RaTdx7vUSovMvn5ZO8TQwk6gHsjAVOdGkhPoEHM1oVZfDNDEipVErNxMzNMTsyiFm6OQCH0jvs2_qK7PoYbLx81dE1AA9XtuC_NJFwmxDDVVdNfiBOEQMfOYdUfb2Ar4tUNJ5qNd0dCTAGW
94,Budapest,Paris,EUR: 225,2023-12-23T15:40:00,2023-12-26T21:50:00,3,https://www.kiwi.com/deep?affilid=istvanpisti&currency=EUR&flightsId=0b771cb24d020000b0b47f8b_0%7C1cb20b774d0500002e59da27_0&from=BUD&lang=en&passengers=1&to=BVA&booking_token=GQ6wq3F5igkOCVggdIEAXDeNzQ55lpKlfNJf4PKC3zo9aO0QNKXc4IU2QFrQZ8j4c0Zv33_0gONYI88U7vZ-d_1Vv-UP3Uhv8T3cu87nyq80FXePGjq6bKSagK4ksBO6_S262m1tneMUtCj-_c2YxDY2DArHpz3c6r-Jg4MVk2Z_iYpZLLD9l7dNX4CtO5k6Ac9bKQ3AcIDOops_zL5YlhHKmJYJ8VfzKREJSmxS2Lbi-ZKNdDFsJtPiRPh4i2LUTsR5Hn2h5ebtA9TmeEBt1lKyqAynfjf-FXcYl9HQfEOLijI2xlpU0mR-oY7qTpvhb0SZ18ssY00dSz6tuKeKWlO2W_SiUjhCKOLGTZTaIKsOtywSJ6ShiDWQwE2_LQvlr7SB5X_Iko9WIFKaEdXwAMZ_y8tVnZifQcnJVcnMEhY6Bq9tf7s1fIX8nT9WHDInGEisEf_N91Xd0vYBXfvOHVTlg1_OvqTmkIw8tDP078iTO6FFyp1s7akv_MNedAZMwsfSwGGqYnR64XytfaF0HhOFEYEX__J0MHEAPZDbmC_M=
95,Budapest,Paris,EUR: 225,2023-12-14T13:20:00,2023-12-14T15:45:00,3,https://www.kiwi.com/deep?affilid=istvanpisti&currency=EUR&flightsId=0b7725c34cf94cfca74c61e7_0%7C0b7725c34cf94cfca74c61e7_1%7C0b7725c34cf94cfca74c61e7_2%7C0b7725c34cf94cfca74c61e7_3&from=BUD&lang=en&passengers=1&to=CDG&booking_token=G8UjMu0LmlcFAL38Al5sCIB01q93BfbQGebLXhZ2LFRT6ED4GhpS0B_HdxXZrgc4y8NhWoLqqP32xh-kiWIPx-K-W30QkLxk1iroS0VDYAHA7D74eDnMTOWtjSnkY48FlYGOKvUiCV83HQfaHsN_wU8X5f79TdolWyaBxDENO-PFcZhhSS4_Q2mQFrfvQdZ3enMz4EoBMVmq5H7FcElzf-3gMD7GrCLyp02udu_COf3YFqbXCjan3mNq8S1TAQ8l6XgMMBeqSvqiykfmDYKq61E30yZ4RJrkv6nDz7po6Ya7OsFHyjYcG6gBMvNE19r7iTEkfjDWVevbhioHfo_hNo3QIDn2J_cRvVx8NQxGEadp-7HqbstP63jNbTAKOqUVc4KYED3VzSd5cNuo9dPWq9PD5dWoR7J924cYMNIC8iGgvxz3S3xbVeWVfsfDCChDOhrLHnE5s2UazlcTFpEuxcbKHmxPmB0EKvIuU1OZ43FzpbxMG_zRy0GfpVddxeU7gBVc2OeqqyFmGxBt8O0w00t-khrUIcbGkZLhYK1kw4_GT0vfkA3QayJgKzZKMQ1fB
96,Budapest,Paris,EUR: 226,2023-12-24T06:15:00,2023-12-26T21:50:00,2,https://www.kiwi.com/deep?affilid=istvanpisti&currency=EUR&flightsId=0b771cb24d03000063f775e4_0%7C1cb20b774d0500002e59da27_0&from=BUD&lang=en&passengers=1&to=BVA&booking_token=GD3KvqiiO-odPhnndXNJt4Y93R9H17OqZ0Jz0HgQU7jZ3tTshA0Lu_N8CKAzANUFMF7RGGdtL9XffbzAhJGQVl61Jwd-3Z9uA2riiiuHCz1xg9HzbC2D_cNlfLz1IwcJxQPK40wGBMSWppHW7LWYI0JYrMlHm-fzmGuhWBjTmqWVOTqI8IxjaPIufMEbUmNBI5pI_mCZtL9u7kurtHebf-WqdtSqYt1tHHdOGdlz2tUl4xho1c3LX2wOaREK869MIxOep25VLssiIDJuue55rE_OWfm7eDKgkeK86WYdHztsTG57hG5wkyxydO5CK0eG6G-bTXoEL__5gmBXkx2J2kiMwPmUQV-hKUTBJwRuMjC1kSw2ATPliLXqFZUdGAhHutRReHeGzwwLDTyXHpfMej1htqAh8nkykO_wMz99G1GJfKojIIra8XrDVF6BNI1bbOrkeVY8MSoabGnVCjThE4IQZUh3Jua-IWowCrcISdPYPCq2Li6clal1B1zf18IvCO2fwMSxu7HRWV-i6NZj1_9pQnOt7KmNOATO66h-YNKhwpGpmYCRpnLrYyjQvsfnE
97,Budapest,Paris,EUR: 228,2023-12-23T07:15:00,2023-12-26T21:50:00,3,https://www.kiwi.com/deep?affilid=istvanpisti&currency=EUR&flightsId=0b771cb24d0200004aa437ff_0%7C1cb20b774d0500002e59da27_0&from=BUD&lang=en&passengers=1&to=BVA&booking_token=GFi8sVq8E3YEA141crVEHkDa3V-tB2dGymzIk1gDJ22oxz4lj2-QgXxs3Ywbl7ABiGqAUFBUTu6880ryFGlBWbyOKMZyuX6fxsMZmydyO1ie48pj9tOYfcaLD6NbEKqKhovjUrfaFa3ccgHT6F3_TdWHroK8BUDnP2fCg7IBMQjsU8MvfNYOh_l_xO3SEGOxLXT7Rvr7ZD2OP5nuNtqiOqYfGlLtrOmLkAf2Y8-3EEMRRPbm7H4AcYvMqQOaYR4ZYMGXLm3ssV_oUw3n4M9_LFs_AiVIy3BmPK3Kp4XKg-Y1ikKF9-4BgBFbzPQKAFTCMT7T580D3xp6qF-mzUbtpQRsAc9OY6xQJccm0wioom_GOMqvUc474wOgogyqre8vRFDpbTeqJoSE_Ot2emy9YXGC10sviLyDkvVCA3oPZC9l6zf85sagLznz8VsjactH1ZZI9ptLrlEfSf67XY9eb61ftSVadolfDiDLI2ZMc-eW6mxfCrPMb0qjuRZ8JMAJhJi5_tlcAt8wDfuPlBxQdBDBXUW4bcCMa7-WSu8x2lsc=
98,Budapest,Paris,EUR: 229,2023-12-14T14:40:00,2023-12-14T17:25:00,3,https://www.kiwi.com/deep?affilid=istvanpisti&currency=EUR&flightsId=0b7725c34cf94cfcf8a7b9d1_0%7C0b7725c34cf94cfcf8a7b9d1_1%7C0b7725c34cf94cfcf8a7b9d1_2%7C0b7725c34cf94cfcf8a7b9d1_3&from=BUD&lang=en&passengers=1&to=CDG&booking_token=GVQ9zL_B4JoacZcSC3hZP_qu5Rnp0OSCZkMbUvTuwnOUu1w-SuYtIUws-Pgy4nmrw-JmK83vAAl0xQRP7z07BOPI8oqVs15Kg7ummypUV5SB-fBGH7vR127NTKQpufyEncxw6rx9QBtMxyXrsqk70ltA_qEgHjWkhqAoQ1Hs7MEcciUugoNrdLXdoPzZIHsjPcVZ9GrTQa0Hbu8ser3Q0nbNX83scXhTpemIEpB7XvFiNkOOWBa-CPPgr58OoQwDuuOrxdrw_BQmfhY7SOCjYDKkJ7w5mnmTXkvagrpRGOmhFtcsg_D-iyYmbpocmp-pBXnV8mSPlMNZcO_KotdjuofzkWjOK8y0UeDg7BeiQXbUjwqX-p7veiL8LSE4CN0YP5_oH8yDSLsGzfEMkMgMKiA6m6oQWMOcwD2exQFCEKI8RQiwTzOdMUrVnYgwbKuSyS0ELUtWITA--rSIKP9d17etaL2cma-lbgE_ocWBtlOvOjGdELp7SiGrC6vwCdrnuoyvn6U-gWGMWO6nQGYTMKJnMWaCuyOmQ_9WGBeZTC_4=
99,Budapest,Paris,EUR: 234,2023-12-21T05:55:00,2023-12-26T21:50:00,5,https://www.kiwi.com/deep?affilid=istvanpisti&currency=EUR&flightsId=0b771cb24d000000e560a7d7_0%7C1cb20b774d0500002e59da27_0&from=BUD&lang=en&passengers=1&to=BVA&booking_token=GZIJHlBC7HmM1t4tJLbCZOQtNAM-ixjn9cTdpeHP97TsF47NC4CDj3rXRLg_ZQE9LLyQaQlab_5RAPx9rryT1TR0lX8vENrZG7PO9XHYKL6G48-9Ow9G9WsJA-bcD0FLX6-dw3PdooBOrt7D6Xwes0nBiUhxogNUg_ErYcuZOEh_z_yc0JFXKa3pSuqohuC6Uo5ACi0elsIPSYWbrCmISlFkJ_rIPxk590BQerfQjfODv1AqLAn9uk9yJEHf4tiE0UDoBSxJKMUkW4wlmzfT0qWbsRXnAC7-kURI3s92g1J-Jkdwk8UMy10lNQP08w8sD3LC-MqwGoBVhCtbVJyNvUHWZjJc6oQzenq8eZLLTrjU_k1E_1LAsKWN_7geLxKFWIa5rkbEXJvHcWHvoiZp2bVkzyboeCZKr3oIdYBZrIq1eobhT3-LU8EfsfpW39hAM9xv23y90HJg5JbdTyXr16zcjMeEfm300BenqKM0iC2n8ExJWVVVpIr1PxdDLSOVpnozeHE7KaQKcYZ46uTt11PV6PMlqVglnTkpPTtN4lkY=
